p_Name,p_Type,price,sellcount,ProductID,p_link
"
美的欧都专卖店
",等更多商家,369.10,1.5万笔,41696362194,
"
小狗香橙专卖店
",等更多商家,199.00,5470笔,537315636988,
"
美的吸尘器旗舰店
",等更多商家,139.00,2.3万笔,523867939966,
"
haier海尔朋乐专卖店
",等更多商家,119.00,9595笔,523354390833,
"
小狗电器旗舰店
",等更多商家,399.00,3585笔,7910579201,
"
小狗香橙专卖店
",等更多商家,399.00,2.1万笔,539037443614,
"
haier海尔伊克美斯专卖店
",等更多商家,299.00,6259笔,523827839091,
"
韩夫人莱丰专卖店
",等更多商家,99.00,3.2万笔,521091111235,
"
亿力亿卡专卖店
",等更多商家,178.00,5592笔,521928990880,
"
小狗电器旗舰店
",等更多商家,799.00,1296笔,41320178520,
"
扬子华派专卖店
",等更多商家,99.80,1.2万笔,537682649966,
"
haier海尔东莱专卖店
",等更多商家,299.00,4186笔,528008547204,
"
德尔玛旗舰店
",等更多商家,199.00,3263笔,546240150540,
"
midea美的大美专卖店
",等更多商家,299.00,6309笔,534184475731,
"
德尔玛旗舰店
",等更多商家,99.80,4991笔,35676284269,
"
海尔生活电器专卖店
",等更多商家,339.00,3276笔,36255869963,
"
苏泊尔天汇专卖店
",等更多商家,399.00,3108笔,532712220361,
"
philips泰璞专卖店
",等更多商家,589.00,1527笔,40996775626,
"
杰诺旗舰店
",等更多商家,159.00,7882笔,44734736085,
"
韩夫人诺希专卖店
",等更多商家,169.00,7628笔,543397276600,
"
德力普电器专营店
",等更多商家,169.00,1.0万笔,37342757183,
"
飞利浦润氏专卖店
",等更多商家,999.00,1986笔,41593991088,
"
地贝苏州专卖店
",等更多商家,699.00,1461笔,522088785497,
"
dyson戴森官方旗舰店
",等更多商家,4990.00,975笔,537174397861,
"
亿力亿卡专卖店
",等更多商家,149.00,862笔,540391003537,
"
亿力浙江专卖店
",等更多商家,109.00,2515笔,45277865475,
"
扬子华派专卖店
",等更多商家,79.80,2156笔,544559934252,
"
莱克米标专卖店
",等更多商家,799.00,717笔,20009441213,
"
eup电器旗舰店
",等更多商家,499.00,527笔,546420931711,
"
奥克斯丁丁专卖店
",等更多商家,79.90,1937笔,525791913984,
"
haier海尔伊克美斯专卖店
",等更多商家,399.00,1338笔,520102348237,
"
天猫超市
",等更多商家,119.00,6052笔,526211455203,
"
志高妙之专卖店
",等更多商家,318.00,777笔,544540724615,
"
杰诺旗舰店
",等更多商家,349.00,2039笔,523221100491,
"
dyson戴森官方旗舰店
",等更多商家,4490.00,514笔,537061935969,
"
杰诺莫甘娜专卖店
",等更多商家,888.00,1239笔,545462702084,
"
享基电器专营店
",等更多商家,189.00,1449笔,527916914747,
"
美的吸尘器旗舰店
",等更多商家,199.00,2480笔,528263059988,
"
eup爱普专卖店
",等更多商家,199.00,2527笔,553606821041,
"
dibea地贝祺骏专卖店
",等更多商家,299.00,3133笔,549175385097,
"
小狗蓝弧专卖店
",等更多商家,899.00,1276笔,551375103257,
"
飞利浦润氏专卖店
",等更多商家,2699.00,413笔,540510733173,
"
杰诺莫甘娜专卖店
",等更多商家,589.00,1476笔,37297251527,
"
lexy莱克官方旗舰店
",等更多商家,2999.00,581笔,526390048024,
"
宝家丽超雯诺专卖店
",等更多商家,249.00,2590笔,546442209298,
"
京华电器旗舰店
",等更多商家,1335.00,424笔,18919678243,
"
奥克斯超森专卖店
",等更多商家,149.00,1563笔,549499714026,
"
韩夫人火爆虎专卖店
",等更多商家,99.00,2825笔,545138695216,
"
philips飞利浦流翔专卖店
",等更多商家,899.00,163笔,40884845161,
"
路特电器专营店
",等更多商家,299.00,491笔,554130800842,
"
华联电器专营店
",等更多商家,219.00,1158笔,20065184928,
"
飞利浦官方旗舰店
",等更多商家,499.00,205笔,45212018502,
"
韩夫人莱丰专卖店
",等更多商家,399.00,409笔,542662451567,
"
philips泰璞专卖店
",none,1599.00,382笔,525380536368,
"
飞利浦上游专卖店
",none,1599.00,798笔,539468144131,
"
飞利浦上游专卖店
",等更多商家,1599.00,798笔,539468144131,
"
飞利浦官方旗舰店
",等更多商家,349.00,420笔,520538844551,
"
midea美的泽蓝专卖店
",等更多商家,339.00,553笔,529003514184,
"
鑫爱家旗舰店
",等更多商家,299.00,1806笔,544504300462,
"
信社旗舰店
",等更多商家,699.00,1060笔,531387871169,
"
杰诺清境专卖店
",等更多商家,409.00,681笔,535634019472,
"
karcher凯驰上琨专卖店
",等更多商家,799.00,207笔,525892326108,
"
vorwerk福维克旗舰店
",等更多商家,5380.00,155笔,536777154199,
"
信社浦申专卖店
",等更多商家,499.00,1271笔,527665882465,
"
philips飞浦专卖店
",等更多商家,299.00,894笔,526058452885,
"
midea美的大美专卖店
",等更多商家,799.00,257笔,538282417175,
"
华联电器专营店
",等更多商家,499.00,344笔,529745529982,
"
天猫超市
",等更多商家,299.00,109笔,538616781812,
"
泰怡凯旗舰店
",等更多商家,1699.00,157笔,522998159999,
"
德力普电器专营店
",等更多商家,299.00,762笔,525301506182,
"
海尔生活家电旗舰店
",等更多商家,998.00,565笔,542330661733,
"
midea美的恒荣昌专卖店
",等更多商家,699.00,255笔,527953705339,
"
飞利浦上游专卖店
",等更多商家,1299.00,224笔,539466259927,
"
享基电器专营店
",等更多商家,239.00,121笔,555720250076,
"
伊莱克斯家美佳专卖店
",等更多商家,699.00,144笔,42526183914,
"
美的聚爱轩专卖店
",等更多商家,399.00,902笔,549411593046,
"
京华电器旗舰店
",等更多商家,568.00,190笔,21182991539,
"
韩夫人酷比专卖店
",等更多商家,299.00,410笔,553215234213,
"
韩夫人子曰专卖店
",等更多商家,259.00,423笔,547223524449,
"
荣事达金泉专卖店
",等更多商家,99.00,3908笔,553359681999,
"
小狗电器旗舰店
",等更多商家,1899.00,633笔,546445773212,
"
小狗电器旗舰店
",等更多商家,289.00,1121笔,521542045266,
"
美的吸尘器旗舰店
",等更多商家,399.00,2271笔,551737375330,
"
dyson戴森官方旗舰店
",等更多商家,2590.00,1089笔,548476118421,
"
dyson戴森官方旗舰店
",等更多商家,3690.00,691笔,548452717637,
"
美的吸尘器旗舰店
",等更多商家,499.00,643笔,523874979921,
"
亿力浙江专卖店
",等更多商家,219.00,542笔,39359141697,
"
扬子华派专卖店
",等更多商家,159.00,320笔,539746476338,
"
杰诺旗舰店
",等更多商家,2579.00,197笔,12854379206,
"
莱克家用电器专营店
",等更多商家,1599.00,243笔,544577406954,
"
宝家丽贝多专卖店
",等更多商家,149.00,452笔,525834342012,
"
康庄电器专营店
",等更多商家,356.00,488笔,39483504114,
"
philips金舜源专卖店
",等更多商家,579.00,133笔,538778309268,
"
豆芽菜电器专营店
",等更多商家,179.00,1492笔,548103540074,
"
欧圣电器旗舰店
",等更多商家,169.00,242笔,524628791038,
"
杰诺旗舰店
",等更多商家,1979.00,668笔,553388147504,
"
松下颜港专卖店
",等更多商家,299.00,309笔,522810579249,
"
杰诺宏奥专卖店
",等更多商家,1099.00,831笔,553186157781,
"
飞利浦润氏专卖店
",等更多商家,1899.00,99笔,43817794326,
"
欧圣电器旗舰店
",等更多商家,149.00,503笔,541022883914,
"
韩夫人诺希专卖店
",none,299.00,290笔,522654953805,
"
philips泰璞专卖店
",none,1199.00,95笔,527105696823,
"
杰诺宏奥专卖店
",none,599.00,149笔,527084985367,
"
莱克米标专卖店
",none,2599.00,327笔,526917455427,
"
家宝风旗舰店
",none,349.00,208笔,537490743571,
"
家宝风旗舰店
",none,109.00,334笔,524341892623,
"
tek科昂专卖店
",none,2299.00,60笔,549402696208,
"
ope旗舰店
",none,378.00,213笔,15901028200,
"
天猫超市
",none,399.00,177笔,538823661097,
"
lexy莱克官方旗舰店
",none,4999.00,107笔,526368158070,
"
天猫超市
",等更多商家,499.00,714笔,549127376719,
"
苏泊尔天汇专卖店
",等更多商家,699.00,176笔,555377366366,
"
海尔生活家电旗舰店
",等更多商家,649.00,225笔,522093727760,
"
信社浦泽专卖店
",等更多商家,249.00,389笔,552861040502,
"
Miele美诺电器官方旗舰店
",等更多商家,2499.00,81笔,521783411145,
"
abram亚伯兰旗舰店
",等更多商家,179.00,255笔,553245876225,
"
泰怡凯旗舰店
",等更多商家,2599.00,147笔,547653053965,
"
莱克米标专卖店
",等更多商家,899.00,54笔,19736001030,
"
lexy莱克希友购专卖店
",等更多商家,999.00,136笔,523019132275,
"
lerma乐尔玛旗舰店
",等更多商家,239.00,134笔,529787880157,
"
海尔生活电器专卖店
",等更多商家,369.00,407笔,521708746881,
"
鑫爱家爱洁雅专卖店
",等更多商家,169.00,357笔,526567174822,
"
苏宁易购官方旗舰店
",等更多商家,99.00,259笔,525770975827,
"
lexy莱克希友购专卖店
",等更多商家,899.00,287笔,520980530642,
"
小狗香橙专卖店
",等更多商家,899.00,113笔,41396013209,
"
松下电器旗舰店
",等更多商家,1999.00,188笔,546655423827,
"
cleanmaxx克林麦斯旗舰店
",等更多商家,799.00,19笔,529653508163,
"
jebsen官方旗舰店
",等更多商家,1990.00,25笔,526291401635,
"
奥克斯双邓专卖店
",等更多商家,229.00,131笔,540015999944,
"
京创电器专营店
",等更多商家,399.00,89笔,44799850018,
"
vacmaster旗舰店
",等更多商家,899.00,228笔,547030167278,
"
洁霸旗舰店
",等更多商家,680.00,159笔,39355175789,
"
lexy莱克海昊专卖店
",等更多商家,399.00,51笔,526408982763,
"
德尔玛旗舰店
",等更多商家,399.00,49笔,556351845668,
"
志高妙之专卖店
",等更多商家,399.00,90笔,544887237404,
"
伊莱克斯家美佳专卖店
",等更多商家,1380.00,59笔,534597210196,
"
韩夫人天虎专卖店
",等更多商家,189.00,112笔,555685849002,
"
地贝益节专卖店
",等更多商家,759.00,188笔,543628488694,
"
Miele美诺电器官方旗舰店
",等更多商家,3099.00,57笔,551030217204,
"
ope旗舰店
",等更多商家,370.00,160笔,43229142895,
"
泰怡凯旗舰店
",等更多商家,1599.00,53笔,527339578597,
"
bobhome旗舰店
",等更多商家,88.00,157笔,528141054514,
"
普沃达电器专营店
",等更多商家,425.00,256笔,549139379516,
"
小狗蓝弧专卖店
",等更多商家,999.00,3568笔,528371298866,
"
karcher凯驰上琨专卖店
",等更多商家,449.00,97笔,44904270729,
"
苏宁易购官方旗舰店
",等更多商家,299.00,106笔,523111404198,
"
松下顶好专卖店
",等更多商家,2799.00,53笔,539628775298,
"
鑫爱家爱洁雅专卖店
",等更多商家,499.00,509笔,540014033737,
"
海尔生活电器专卖店
",等更多商家,398.00,420笔,44925954336,
"
philips飞利浦丽新专卖店
",等更多商家,729.00,43笔,543106498665,
"
松下康威专卖店
",等更多商家,699.00,46笔,522636267414,
"
欧凯莱电器旗舰店
",等更多商家,149.00,94笔,45459160249,
"
飞利浦润氏专卖店
",等更多商家,3199.00,32笔,538068664520,
"
伊莱克斯恒莱专卖店
",等更多商家,1699.00,38笔,43876714412,
"
phisinic飞时山石立专卖
",none,368.00,431笔,37496832605,
"
lexy艾思玛特专卖店
",none,1599.00,157笔,551504263855,
"
信社旗舰店
",none,349.00,91笔,528005457874,
"
飞利浦官方旗舰店
",none,1599.00,41笔,527774584899,
"
philips泰璞专卖店
",none,999.00,44笔,527672145012,
"
tek科昂专卖店
",none,1999.00,24笔,532692422722,
"
小狗电器旗舰店
",none,699.00,493笔,521657867545,
"
小狗电器旗舰店
",none,599.00,746笔,44783878424,
"
dyson戴森官方旗舰店
",none,3390.00,278笔,548409380234,
"
dyson戴森官方旗舰店
",none,2090.00,113笔,545400205768,
"
杰诺旗舰店
",none,449.00,169笔,35139037820,
"
莱克米标专卖店
",none,2499.00,170笔,528587977555,
"
天猫超市
",none,239.00,203笔,533217334109,
"
杰诺旗舰店
",等更多商家,990.00,94笔,16147609135,
"
美的吸尘器旗舰店
",等更多商家,699.00,182笔,533033741438,
"
天猫超市
",等更多商家,439.00,124笔,533158375974,
"
欧圣电器旗舰店
",等更多商家,289.00,135笔,44032112814,
"
杰诺宏奥专卖店
",等更多商家,349.00,170笔,527035755167,
"
苏宁易购官方旗舰店
",等更多商家,199.00,164笔,526965921546,
"
zek正益凯旗舰店
",等更多商家,299.00,75笔,530457204023,
"
松下电器旗舰店
",等更多商家,1299.00,49笔,14606961939,
"
惠而浦格力特专卖店
",等更多商家,149.00,129笔,540401710953,
"
飞利浦新顶华专卖店
",等更多商家,1399.00,18笔,526567974612,
"
志高妙之专卖店
",等更多商家,499.00,110笔,544856632055,
"
lexy莱克嘉平瑞雪专卖店
",等更多商家,698.00,51笔,531930602895,
"
亿力电器旗舰店
",等更多商家,379.00,139笔,41785943697,
"
汉生旗舰店
",等更多商家,129.00,892笔,553611620101,
"
hoover海皮猴专卖店
",等更多商家,799.00,78笔,545641333100,
"
京华电器旗舰店
",等更多商家,880.00,64笔,26099976705,
"
地贝苏州专卖店
",等更多商家,899.00,62笔,534187868481,
"
vacmaster旗舰店
",等更多商家,399.00,87笔,526559636145,
"
德尔玛旗舰店
",等更多商家,119.00,743笔,526272756994,
"
苏宁易购官方旗舰店
",等更多商家,649.00,106笔,545622573148,
"
欧圣电器旗舰店
",等更多商家,369.00,85笔,39362427643,
"
飞利浦润氏专卖店
",等更多商家,1899.00,34笔,526075264493,
"
vorwerk福维克旗舰店
",等更多商家,4100.00,9笔,25630108575,
"
莱克米标专卖店
",等更多商家,1699.00,132笔,44406525959,
"
karcher凯驰上琨专卖店
",等更多商家,1790.00,43笔,543742019854,
"
扬子杰盼专卖店
",等更多商家,149.00,207笔,550028901542,
"
万创旗舰店
",等更多商家,118.00,57笔,556481867146,
"
philips飞浦专卖店
",等更多商家,799.00,41笔,531433167679,
"
lexy莱克海昊专卖店
",等更多商家,299.00,62笔,536847548423,
"
康庄电器专营店
",等更多商家,328.00,102笔,39308299903,
"
松下电器旗舰店
",等更多商家,1499.00,9笔,41407115156,
"
扬子华派专卖店
",等更多商家,149.00,111笔,545275715902,
"
eup爱普专卖店
",等更多商家,298.00,49笔,544881563139,
"
vacmaster旗舰店
",等更多商家,798.00,24笔,39543376267,
"
美的吸尘器旗舰店
",等更多商家,899.00,25笔,547617862099,
"
小狗塔塔专卖店
",等更多商家,599.00,2笔,547620244808,
"
松下斯基上海专卖店
",等更多商家,328.00,34笔,40131713969,
"
百得君之宏专卖店
",等更多商家,899.00,21笔,526495805091,
"
松下馨宽专卖店
",等更多商家,1999.00,3笔,537493491339,
"
苏泊尔玖尚专卖店
",等更多商家,999.00,24笔,42404063335,
"
洁霸旗舰店
",none,338.00,83笔,39258350239,
"
奥克斯丁丁专卖店
",none,179.00,56笔,529586993899,
"
tek科昂专卖店
",none,1199.00,68笔,40370538615,
"
伊莱克斯恒莱专卖店
",none,1980.00,17笔,41638992213,
"
飞利浦官方旗舰店
",none,1499.00,13笔,17658697820,
"
白云清洁旗舰
",none,358.00,46笔,36001678131,
"
韩夫人莱丰专卖店
",none,159.00,155笔,535769481193,
"
philips泰璞专卖店
",none,1899.00,9笔,530791144272,
"
philips飞浦专卖店
",none,1789.00,7笔,43626867098,
"
飞时吸尘器旗舰店
",none,128.00,49笔,521391786599,
"
松下颜港专卖店
",none,1499.00,15笔,532926835801,
"
hoover旗舰店
",none,2799.00,10笔,44672358889,
"
vorwerk福维克旗舰店
",none,3880.00,12笔,536851476534,
"
松下上琨专卖店
",none,1099.00,12笔,524141476023,
"
德尔玛旗舰店
",none,139.00,68笔,536026450671,
"
karcher凯驰旗舰店
",none,599.00,20笔,35614760858,
"
松下顶好专卖店
",none,449.00,30笔,45607415914,
"
红橡电器专营店
",none,1230.00,14笔,39266891177,
"
伊莱克斯恒莱专卖店
",none,3999.00,4笔,42659729022,
"
lexy莱克嘉平瑞雪专卖店
",none,999.00,6笔,535526351027,
"
airmate艾美特乐晓专卖店
",等更多商家,199.00,38笔,556266207986,
"
midea美的越陶专卖店
",等更多商家,299.00,5笔,539887124569,
"
爱建旗舰店
",等更多商家,699.00,2笔,541780424194,
"
角田电器专营店
",等更多商家,749.00,45笔,43293710243,
"
泰怡凯旗舰店
",等更多商家,1299.00,15笔,546679170710,
"
midea美的星盛事顺专卖店
",等更多商家,199.00,10笔,532482323942,
"
杰诺立辰专卖店
",等更多商家,1230.00,24笔,548118595850,
"
lexy莱克博奥专卖店
",等更多商家,799.00,14笔,538510085748,
"
杰诺清境专卖店
",等更多商家,689.00,47笔,44237620977,
"
karcher凯驰平里专卖店
",等更多商家,699.00,26笔,521525167959,
"
飞利浦鑫诺科捷专卖店
",等更多商家,369.00,47笔,555466716553,
"
karcher凯驰旗舰店
",等更多商家,699.00,18笔,18839252934,
"
志高妙之专卖店
",等更多商家,1098.00,26笔,547119627651,
"
小狗电器旗舰店
",等更多商家,1299.00,88笔,9911683481,
"
小狗电器旗舰店
",等更多商家,399.00,327笔,533164767605,
"
dyson戴森官方旗舰店
",等更多商家,4990.00,100笔,543130224211,
"
dyson戴森官方旗舰店
",等更多商家,1990.00,69笔,534055421609,
"
杰诺旗舰店
",等更多商家,399.00,67笔,532582021538,
"
杰诺旗舰店
",等更多商家,599.00,91笔,18131006456,
"
苏宁易购官方旗舰店
",等更多商家,358.00,50笔,525412573513,
"
莱克米标专卖店
",等更多商家,1399.00,5笔,36134505531,
"
莱克米标专卖店
",等更多商家,3999.00,85笔,526977840436,
"
美的吸尘器旗舰店
",等更多商家,2499.00,6笔,547713853020,
"
lexy莱克嘉平瑞雪专卖店
",等更多商家,1658.00,1笔,532609336701,
"
伊莱克斯小家电旗舰店
",等更多商家,2880.00,14笔,554221925725,
"
美的姿诺专卖店
",等更多商家,189.00,2笔,20012875331,
"
伊莱克斯金达信专卖店
",等更多商家,2080.00,32笔,549872869916,
"
福玛特旗舰店
",等更多商家,389.00,54笔,9917751631,
"
惠而浦嘉世通专卖店
",等更多商家,599.00,14笔,527424859753,
"
志高妙之专卖店
",等更多商家,799.00,28笔,544856856899,
"
京华电器旗舰店
",等更多商家,356.00,43笔,21179207660,
"
天猫国际官方直营国内现货
",等更多商家,4490.00,26笔,551214155804,
"
飞利浦润氏专卖店
",等更多商家,369.00,47笔,554693952229,
"
vacmaster旗舰店
",等更多商家,999.00,15笔,39985797286,
"
lexy莱克海昊专卖店
",等更多商家,499.00,2笔,529382308743,
"
panasonic丰友专卖店
",等更多商家,499.00,24笔,529405839498,
"
伊莱克斯恒莱专卖店
",等更多商家,2080.00,17笔,535370129628,
"
苏宁易购官方旗舰店
",等更多商家,2990.00,1274笔,550935613651,
"
扬子聚美专卖店
",等更多商家,199.00,302笔,551307346532,
"
karcher凯驰上琨专卖店
",等更多商家,899.00,30笔,530201324985,
"
panasonic平治专卖店
",等更多商家,769.00,21笔,43189123858,
"
vorwerk福维克旗舰店
",等更多商家,1580.00,1笔,18414206550,
"
博世家电官方旗舰店
",none,4099.00,1笔,521365549313,
"
karcher凯驰旗舰店
",none,9998.00,1笔,540682895581,
"
lg华锐专卖店
",none,2298.00,14笔,523930837577,
"
Miele美诺电器官方旗舰店
",none,1499.00,11笔,521670724511,
"
白云清洁旗舰
",none,680.00,82笔,19320333159,
"
hoover旗舰店
",none,1799.00,15笔,521991324128,
"
宝丽生活电器旗舰店
",none,128.00,29笔,534651178678,
"
midea美的从达专卖店
",none,348.00,17笔,529562458454,
"
LG生活电器旗舰店
",none,2298.00,13笔,520577509725,
"
karcher凯驰旗舰店
",none,899.00,16笔,20052524370,
"
Proscenic旗舰店
",none,1299.00,24笔,550008337681,
"
海尔生活电器专卖店
",none,599.00,47笔,41083865288,
"
苏泊尔官方旗舰店
",none,369.00,45笔,528421774175,
"
Miele美诺电器官方旗舰店
",none,5499.00,12笔,521783787946,
"
海尔学成专卖店
",none,799.00,39笔,548821688662,
"
eup电器旗舰店
",none,299.00,57笔,40568870709,
"
飞利浦本汇专卖店
",none,719.00,3笔,524479506129,
"
松下顶好专卖店
",none,899.00,13笔,45636210689,
"
松下斯基上海专卖店
",等更多商家,399.00,8笔,45489083759,
"
midea美的星盛事顺专卖店
",等更多商家,269.00,6笔,537344400026,
"
超宝旗舰店
",等更多商家,398.00,38笔,532632303642,
"
志高妙之专卖店
",等更多商家,1199.00,9笔,554916277447,
"
abram亚伯兰旗舰店
",等更多商家,1299.00,20笔,538675450028,
"
karcher上海专卖店
",等更多商家,750.00,6笔,537085234160,
"
飞利浦京创专卖店
",等更多商家,458.00,29笔,41027906099,
"
爱建旗舰店
",等更多商家,799.00,13笔,537314033931,
"
飞利浦官方旗舰店
",等更多商家,499.00,79笔,521171946689,
"
杰诺宏奥专卖店
",等更多商家,879.00,74笔,553222770512,
"
philips泰璞专卖店
",等更多商家,899.00,683笔,526882571064,
"
普沃达电器专营店
",等更多商家,499.00,36笔,547753215902,
"
lexy莱克丹尼斯特专卖店
",等更多商家,1499.00,3笔,538620030799,
"
tek科昂专卖店
",等更多商家,1599.00,14笔,555540530045,
"
东亿天泽专卖店
",等更多商家,1198.00,8笔,44008860205,
"
宝丽生活电器旗舰店
",等更多商家,99.00,7笔,537910124274,
"
美的吸尘器旗舰店
",等更多商家,439.00,10笔,542227682855,
"
lexy莱克黎程专卖店
",等更多商家,1799.00,8笔,523368645927,
"
美的泰博烽专卖店
",等更多商家,399.00,2笔,37130129123,
"
博世官方旗舰店
",等更多商家,3599.00,13笔,550484447463,
"
小狗塔塔专卖店
",等更多商家,198.00,3笔,542117986192,
"
麦克码尼电器专营店
",等更多商家,699.00,3笔,42969998551,
"
洁霸旗舰店
",等更多商家,863.00,15笔,39400972720,
"
ope旗舰店
",等更多商家,418.00,7笔,44711996173,
"
杰诺宏奥专卖店
",等更多商家,1090.00,14笔,527238914313,
"
超宝旗舰店
",等更多商家,988.00,23笔,532711222514,
"
博世家电官方旗舰店
",等更多商家,1999.00,3笔,539417881724,
"
松下电器旗舰店
",等更多商家,2999.00,3笔,555062284228,
"
伊莱克斯小家电旗舰店
",等更多商家,2480.00,13笔,41654688673,
"
亿力浙江专卖店
",等更多商家,899.00,3笔,540640245501,
"
abram亚伯兰旗舰店
",等更多商家,799.00,11笔,537474583018,
"
小狗爱尔畅专卖店
",等更多商家,999.00,7笔,548484366729,
"
dyson戴森兴长信达专卖店
",等更多商家,2990.00,3笔,539777795289,
"
小狗电器旗舰店
",等更多商家,499.00,126笔,530329307091,
"
小狗电器旗舰店
",等更多商家,1399.00,78笔,531835113284,
"
dyson戴森官方旗舰店
",等更多商家,2990.00,54笔,45673299164,
"
dyson戴森官方旗舰店
",none,3990.00,54笔,553790694894,
"
杰诺旗舰店
",none,1790.00,55笔,16147777102,
"
杰诺旗舰店
",none,699.00,48笔,39937248432,
"
karcher凯驰旗舰店
",none,4490.00,9笔,39581346970,
"
苏宁易购官方旗舰店
",none,4190.00,130笔,549782693400,
"
莱克米标专卖店
",none,999.00,11笔,20030185110,
"
karcher凯驰旗舰店
",none,3999.00,4笔,16142253883,
"
Miele美诺电器官方旗舰店
",none,1999.00,16笔,521671558102,
"
vacmaster旗舰店
",none,999.00,7笔,526936057094,
"
Miele美诺电器官方旗舰店
",none,3899.00,6笔,521609534954,
"
vacmaster旗舰店
",none,799.00,12笔,540394616127,
"
beko旗舰店
",none,599.00,8笔,553029360371,
"
松下馨宽专卖店
",none,1188.00,1笔,529419114824,
"
博世家电官方旗舰店
",none,899.00,5笔,547729978372,
"
松下电器旗舰店
",none,899.00,20笔,520778508251,
"
白云清洁旗舰
",none,820.00,3笔,43736416890,
"
德力普电器专营店
",none,699.00,40笔,554593671470,
"
vorwerk福维克旗舰店
",none,2180.00,1笔,41861254351,
"
亿力电器旗舰店
",none,718.00,29笔,41802910721,
"
苏泊尔怡通众合专卖店
",none,599.00,12笔,527372672724,
"
松下电器旗舰店
",none,1099.00,510笔,521073387267,
"
苏泊尔玖尚专卖店
",none,999.00,1笔,545898895034,
"
德尔玛旗舰店
",none,299.00,39笔,549115645712,
"
苏宁易购官方旗舰店
",none,88.00,19笔,521261288360,
"
lexy鑫如专卖店
",等更多商家,699.00,1笔,38655837072,
"
lg宙斯专卖店
",等更多商家,2398.00,5笔,541932524760,
"
海尔官方旗舰店
",等更多商家,159.00,23笔,527115016951,
"
海尔生活家电旗舰店
",等更多商家,799.00,56笔,531495872256,
"
lexy莱克博奥专卖店
",等更多商家,499.00,12笔,550220691274,
"
韩京姬旗舰店
",等更多商家,499.00,21笔,39628949256,
"
白云清洁旗舰
",等更多商家,863.00,42笔,35399250347,
"
美的云美专卖店
",等更多商家,799.00,1笔,547743274374,
"
美的云美专卖店
",等更多商家,199.00,1笔,541597262448,
"
亿力电器旗舰店
",等更多商家,1449.00,9笔,522855890681,
"
philips金舜源专卖店
",等更多商家,549.00,31笔,40150092769,
"
伊莱克斯小家电旗舰店
",等更多商家,2480.00,4笔,541115225200,
"
美的美山专卖店
",等更多商家,996.00,17笔,530152755577,
"
松下文迪专卖店
",等更多商家,319.00,26笔,535925889383,
"
富邦瑞通电器专营店
",等更多商家,999.00,2笔,521289415771,
"
伊莱克斯恒莱专卖店
",等更多商家,6499.00,1笔,520186138917,
"
lexy鑫如专卖店
",等更多商家,4999.00,1笔,40234023574,
"
伊莱克斯恒莱专卖店
",等更多商家,5999.00,1笔,520186278536,
"
haier海尔隆阳专卖店
",等更多商家,149.00,5笔,539848877614,
"
亿力亿卡专卖店
",等更多商家,899.00,6笔,538803983799,
"
eksera旗舰店
",等更多商家,258.00,44笔,544510006473,
"
宝丽生活电器旗舰店
",等更多商家,699.00,19笔,554772910195,
"
百得君之宏专卖店
",等更多商家,1299.00,13笔,531666470500,
"
亿力亿卡专卖店
",等更多商家,799.00,17笔,552311790838,
"
lexy莱克博奥专卖店
",等更多商家,599.00,2笔,538495637280,
"
海尔生活家电旗舰店
",等更多商家,699.00,15笔,38924754670,
"
百得君之宏专卖店
",等更多商家,2499.00,3笔,540285345333,
"
伊莱克斯小家电旗舰店
",等更多商家,799.00,1笔,545243126157,
"
志高妙之专卖店
",等更多商家,459.00,15笔,544823492176,
"
福洋电器旗舰店
",等更多商家,299.00,2笔,520400217281,
"
haan韩京姬上海专卖店
",等更多商家,699.00,9笔,540260984191,
"
dibea地贝立比特专卖店
",等更多商家,899.00,16笔,543838295778,
"
尤尔德电器专营店
",等更多商家,699.00,10笔,525263489756,
"
松下莅杰专卖店
",等更多商家,2999.00,2笔,553477741421,
"
富邦瑞通电器专营店
",等更多商家,1399.00,1笔,40398892029,
"
海尔生活电器专卖店
",等更多商家,399.00,24笔,524876676178,
"
飞利浦官方旗舰店
",等更多商家,569.00,8笔,26096656534,
"
飞利浦润诚专卖店
",等更多商家,669.00,10笔,18383601157,
"
美的聚爱轩专卖店
",等更多商家,2599.00,1笔,545893314037,
"
松下鸿兴天景专卖店
",等更多商家,3299.00,9笔,540808083974,
"
杰诺戴森专卖店
",等更多商家,129.00,25笔,534643684631,
"
志高妙之专卖店
",等更多商家,699.00,14笔,545047080655,
"
lexy莱克嘉平瑞雪专卖店
",等更多商家,538.00,16笔,531212674929,
"
京华电器旗舰店
",等更多商家,450.00,13笔,21182983078,
"
康庄电器专营店
",等更多商家,328.00,10笔,39769527107,
"
ope旗舰店
",等更多商家,780.00,4笔,43412730597,
"
莱克米标专卖店
",等更多商家,2299.00,15笔,35572544806,
"
宝家丽旗舰店
",none,199.00,15笔,37670517678,
"
家宝风旗舰店
",none,209.00,6笔,525991748740,
"
欧圣电器旗舰店
",none,659.00,4笔,520014479520,
"
洁霸旗舰店
",none,673.00,9笔,39250711515,
"
eup电器旗舰店
",none,1299.00,3笔,44900666343,
"
飞利浦润氏专卖店
",none,2999.00,1笔,43870312482,
"
小狗电器旗舰店
",none,999.00,70笔,525580688117,
"
小狗电器旗舰店
",none,1099.00,12笔,39679173296,
"
杰诺旗舰店
",none,799.00,36笔,43432436144,
"
karcher凯驰旗舰店
",none,3490.00,5笔,14572671556,
"
松下电器旗舰店
",none,599.00,24笔,528776940025,
"
松下电器旗舰店
",none,699.00,7笔,38906396291,
"
karcher凯驰旗舰店
",none,3490.00,5笔,525922072223,
"
苏宁易购官方旗舰店
",等更多商家,799.00,1笔,535409963216,
"
亿力亿卡专卖店
",等更多商家,698.00,2笔,521676099200,
"
白云清洁旗舰
",等更多商家,738.00,5笔,43565265375,
"
伊莱克斯恒莱专卖店
",等更多商家,3999.00,1笔,522785104449,
"
伊莱克斯小家电旗舰店
",等更多商家,699.00,2笔,538453197310,
"
苏宁易购官方旗舰店
",等更多商家,799.00,5笔,528787668940,
"
lexy鑫如专卖店
",等更多商家,599.00,3笔,38528426378,
"
伊莱克斯小家电旗舰店
",等更多商家,1499.00,1笔,43402821294,
"
eup电器旗舰店
",等更多商家,499.00,13笔,44545040341,
"
lexy莱克丹尼斯特专卖店
",等更多商家,1799.00,0笔,521177765900,
"
blackdecker百得旗舰店
",等更多商家,599.00,9笔,43721745572,
"
panasonic丰友专卖店
",等更多商家,299.00,2笔,526927221934,
"
洁霸旗舰店
",等更多商家,820.00,1笔,39281989011,
"
Miele美诺电器官方旗舰店
",等更多商家,1699.00,6笔,521671574216,
"
康庄电器专营店
",等更多商家,673.00,6笔,41135938401,
"
lexy艾思玛特专卖店
",等更多商家,2499.00,420笔,553314887424,
"
洁霸旗舰店
",等更多商家,680.00,6笔,39320459849,
"
伊莱克斯家美佳专卖店
",等更多商家,1099.00,1笔,42526959002,
"
lexy莱克嘉平瑞雪专卖店
",等更多商家,1198.00,9笔,536046721068,
"
vacmaster旗舰店
",等更多商家,999.00,4笔,547268766173,
"
eup电器旗舰店
",等更多商家,568.00,1笔,41192274235,
"
京华电器旗舰店
",等更多商家,410.00,5笔,35861347038,
"
vacmaster旗舰店
",等更多商家,499.00,18笔,39152252137,
"
亿力亿卡专卖店
",等更多商家,449.00,2笔,547712987376,
"
泰怡凯旗舰店
",等更多商家,1499.00,2笔,524232088482,
"
亿力浙江专卖店
",等更多商家,688.00,3笔,524456597912,
"
白云清洁本都专卖店
",等更多商家,358.00,9笔,528426561848,
"
博哲电器专营店
",等更多商家,3999.00,1笔,38754873293,
"
京华电器旗舰店
",等更多商家,368.00,2笔,35494786942,
"
lexy莱克海昊专卖店
",等更多商家,549.00,4笔,521742157510,
"
小狗塔塔专卖店
",等更多商家,2599.00,2笔,555221102756,
"
杰诺旗舰店
",等更多商家,489.00,7笔,35513757987,
"
lexy莱克海昊专卖店
",等更多商家,899.00,5笔,522829644772,
"
bosch博世亮煦专卖店
",等更多商家,3999.00,6笔,551585430237,
"
杰诺立辰专卖店
",等更多商家,599.00,10笔,40587379977,
"
美的云美专卖店
",等更多商家,1799.00,1笔,547668705708,
"
亿力浙江专卖店
",等更多商家,189.00,16笔,555258620300,
"
杰诺宏奥专卖店
",none,559.00,3笔,527261520272,
"
lexy莱克其万专卖店
",none,599.00,3笔,43110347312,
"
德尔玛旗舰店
",none,998.00,4笔,556496655265,
"
海尔生活家电旗舰店
",none,398.00,6笔,36743746954,
"
百得庆之顺专卖店
",none,899.00,11笔,523951447345,
"
超宝旗舰店
",none,328.00,12笔,532892193076,
"
百得庆之顺专卖店
",none,2998.00,4笔,525265725367,
"
莱克家用电器专营店
",none,1599.00,38笔,546679626466,
"
飞利浦鑫诺科捷专卖店
",none,1399.00,1笔,555396836263,
"
lexy莱克博奥专卖店
",none,2199.00,1笔,538397059158,
"
红橡电器专营店
",none,389.00,6笔,39085555998,
"
史丹利欧圣专卖店
",none,399.00,18笔,542969840643,
"
philips飞浦专卖店
",none,999.00,6笔,548543066746,
"
ope旗舰店
",none,578.00,10笔,41653695789,
"
karcher上海专卖店
",none,2090.00,2笔,540796431306,
"
超宝南昕专卖店
",none,880.00,13笔,17681722050,
"
志高妙之专卖店
",none,559.00,11笔,544915031498,
"
lexy莱克丹尼斯特专卖店
",none,1499.00,1笔,521113177590,
"
苏泊尔官方旗舰店
",none,599.00,1笔,42174986982,
"
lexy莱克博奥专卖店
",none,449.00,6笔,538211037221,
"
康庄电器专营店
",none,299.00,2笔,40065784969,
"
cleanmaxx克林麦斯旗舰店
",none,199.00,9笔,520112323236,
"
飞利浦新顶华专卖店
",none,2999.00,1笔,39373809986,
"
韩夫人子曰专卖店
",等更多商家,399.00,2笔,544918327889,
"
ope旗舰店
",等更多商家,390.00,6笔,17373856210,
"
hoover旗舰店
",等更多商家,1699.00,4笔,44715737209,
"
惠而浦嘉世通专卖店
",等更多商家,1399.00,2笔,544700930955,
"
nilfisk鼎信嘉茂专卖店
",等更多商家,3899.00,2笔,520041574497,
"
伊莱克斯恒莱专卖店
",等更多商家,2099.00,2笔,19044673180,
"
莱克米标专卖店
",等更多商家,3599.00,1笔,526917159666,
"
百利电器专营店
",等更多商家,399.00,1笔,529673041974,
"
百得君之宏专卖店
",等更多商家,449.00,12笔,537372565939,
"
亿力电器旗舰店
",等更多商家,299.00,30笔,19168382715,
"
宝丽生活电器旗舰店
",等更多商家,898.00,4笔,552696516450,
"
爱丽思官方旗舰店
",等更多商家,399.00,22笔,552662206507,
"
百得庆之顺专卖店
",等更多商家,1099.00,1笔,523982099529,
"
小狗电器旗舰店
",等更多商家,1599.00,20笔,37737532978,
"
松下电器旗舰店
",等更多商家,999.00,5笔,40136308292,
"
karcher凯驰旗舰店
",等更多商家,2799.00,3笔,18367592878,
"
松下电器旗舰店
",等更多商家,2499.00,104笔,548138687461,
"
karcher凯驰旗舰店
",等更多商家,1999.00,6笔,20349152690,
"
伊莱克斯小家电旗舰店
",等更多商家,4180.00,7笔,555272739820,
"
eup电器旗舰店
",等更多商家,598.00,5笔,40264799896,
"
eup电器旗舰店
",等更多商家,498.00,1笔,40264895569,
"
伊莱克斯小家电旗舰店
",等更多商家,1299.00,3笔,538452069121,
"
京华电器旗舰店
",等更多商家,359.00,1笔,26092852884,
"
美居乐家电器专营店
",等更多商家,899.00,1笔,44383223289,
"
史丹利欧圣专卖店
",等更多商家,280.00,1笔,536054164456,
"
苏宁易购官方旗舰店
",none,599.00,1笔,523283784164,
"
路顺达电器专营店
",none,3599.00,1笔,18827733111,
"
德尔玛旗舰店
",none,299.00,23笔,38962631070,
"
ope旗舰店
",none,328.00,3笔,523003888343,
"
普沃达电器专营店
",none,299.00,12笔,537959036285,
"
爱建旗舰店
",none,779.00,2笔,537213229299,
"
亿力电器旗舰店
",none,489.00,5笔,21495519321,
"
hoover旗舰店
",none,1499.00,2笔,44734720323,
"
杰诺戴森专卖店
",none,569.00,1笔,550580254561,
"
百得君之宏专卖店
",none,899.00,11笔,526513384025,
"
东亿天泽专卖店
",none,1398.00,7笔,43932355659,
"
karcher凯驰旗舰店
",none,3199.00,1笔,17306142629,
"
伊莱克斯小家电旗舰店
",none,2599.00,3笔,550074125076,
"
eup电器旗舰店
",none,358.00,1笔,44098500261,
"
cleanmaxx克林麦斯旗舰店
",等更多商家,799.00,5笔,522935020853,
"
博世官方旗舰店
",等更多商家,2189.00,9笔,550610964515,
"
克力威旗舰店
",等更多商家,850.00,3笔,520152657393,
"
百得庆之顺专卖店
",等更多商家,399.00,5笔,523976622388,
"
康庄电器专营店
",等更多商家,338.00,4笔,40155843089,
"
blackdecker百得旗舰店
",等更多商家,799.00,2笔,43937782357,
"
白云清洁本都专卖店
",等更多商家,750.00,2笔,531005043412,
"
苏泊尔官方旗舰店
",等更多商家,299.00,17笔,524506387158,
"
karcher凯驰旗舰店
",等更多商家,3199.00,1笔,17306142629,
"
伊莱克斯小家电旗舰店
",等更多商家,2599.00,3笔,550074125076,
"
karcher凯驰旗舰店
",等更多商家,1199.00,9笔,556158383039,
"
松下电器旗舰店
",none,1699.00,3笔,550897376494,
"
eup电器旗舰店
",none,358.00,1笔,44098500261,
"
白云清洁旗舰
",none,338.00,9笔,521244920645,
"
eup电器旗舰店
",none,298.00,2笔,545841823908,
p_Name,p_Type,price,sellcount,ProductID,p_link
"
美的欧都专卖店
",等更多商家,369.10,1.5万笔,41696362194,
"
小狗香橙专卖店
",等更多商家,199.00,5470笔,537315636988,
"
美的吸尘器旗舰店
",等更多商家,139.00,2.3万笔,523867939966,
"
haier海尔朋乐专卖店
",等更多商家,119.00,9595笔,523354390833,
"
小狗电器旗舰店
",等更多商家,399.00,3585笔,7910579201,
"
小狗香橙专卖店
",等更多商家,399.00,2.1万笔,539037443614,
"
haier海尔伊克美斯专卖店
",等更多商家,299.00,6259笔,523827839091,
"
韩夫人莱丰专卖店
",等更多商家,99.00,3.2万笔,521091111235,
"
亿力亿卡专卖店
",等更多商家,178.00,5592笔,521928990880,
"
小狗电器旗舰店
",等更多商家,799.00,1296笔,41320178520,
"
扬子华派专卖店
",等更多商家,99.80,1.2万笔,537682649966,
"
haier海尔东莱专卖店
",等更多商家,299.00,4186笔,528008547204,
"
德尔玛旗舰店
",等更多商家,199.00,3263笔,546240150540,
"
midea美的大美专卖店
",等更多商家,299.00,6309笔,534184475731,
"
德尔玛旗舰店
",等更多商家,99.80,4991笔,35676284269,
"
海尔生活电器专卖店
",等更多商家,339.00,3276笔,36255869963,
"
苏泊尔天汇专卖店
",等更多商家,399.00,3108笔,532712220361,
"
philips泰璞专卖店
",等更多商家,589.00,1527笔,40996775626,
"
杰诺旗舰店
",等更多商家,159.00,7882笔,44734736085,
"
韩夫人诺希专卖店
",等更多商家,169.00,7628笔,543397276600,
"
德力普电器专营店
",等更多商家,169.00,1.0万笔,37342757183,
"
飞利浦润氏专卖店
",等更多商家,999.00,1986笔,41593991088,
"
地贝苏州专卖店
",等更多商家,699.00,1461笔,522088785497,
"
dyson戴森官方旗舰店
",等更多商家,4990.00,975笔,537174397861,
"
亿力亿卡专卖店
",等更多商家,149.00,862笔,540391003537,
"
亿力浙江专卖店
",等更多商家,109.00,2515笔,45277865475,
"
扬子华派专卖店
",等更多商家,79.80,2156笔,544559934252,
"
莱克米标专卖店
",等更多商家,799.00,717笔,20009441213,
"
eup电器旗舰店
",等更多商家,499.00,527笔,546420931711,
"
奥克斯丁丁专卖店
",等更多商家,79.90,1937笔,525791913984,
"
haier海尔伊克美斯专卖店
",等更多商家,399.00,1338笔,520102348237,
"
天猫超市
",等更多商家,119.00,6052笔,526211455203,
"
志高妙之专卖店
",等更多商家,318.00,777笔,544540724615,
"
杰诺旗舰店
",等更多商家,349.00,2039笔,523221100491,
"
dyson戴森官方旗舰店
",等更多商家,4490.00,514笔,537061935969,
"
杰诺莫甘娜专卖店
",等更多商家,888.00,1239笔,545462702084,
"
享基电器专营店
",等更多商家,189.00,1449笔,527916914747,
"
美的吸尘器旗舰店
",等更多商家,199.00,2480笔,528263059988,
"
eup爱普专卖店
",等更多商家,199.00,2527笔,553606821041,
"
dibea地贝祺骏专卖店
",等更多商家,299.00,3133笔,549175385097,
"
小狗蓝弧专卖店
",等更多商家,899.00,1276笔,551375103257,
"
飞利浦润氏专卖店
",等更多商家,2699.00,413笔,540510733173,
"
杰诺莫甘娜专卖店
",等更多商家,589.00,1476笔,37297251527,
"
lexy莱克官方旗舰店
",等更多商家,2999.00,581笔,526390048024,
"
宝家丽超雯诺专卖店
",等更多商家,249.00,2590笔,546442209298,
"
京华电器旗舰店
",等更多商家,1335.00,424笔,18919678243,
"
奥克斯超森专卖店
",等更多商家,149.00,1563笔,549499714026,
"
韩夫人火爆虎专卖店
",等更多商家,99.00,2825笔,545138695216,
"
philips飞利浦流翔专卖店
",等更多商家,899.00,163笔,40884845161,
"
路特电器专营店
",等更多商家,299.00,491笔,554130800842,
"
华联电器专营店
",等更多商家,219.00,1158笔,20065184928,
"
飞利浦官方旗舰店
",等更多商家,499.00,205笔,45212018502,
"
韩夫人莱丰专卖店
",等更多商家,399.00,409笔,542662451567,
"
philips泰璞专卖店
",none,1599.00,382笔,525380536368,
"
飞利浦上游专卖店
",none,1599.00,798笔,539468144131,
p_Name,p_Type,price,sellcount,ProductID,p_link
"
美的欧都专卖店
",等更多商家,369.10,1.5万笔,41696362194,
"
小狗香橙专卖店
",等更多商家,199.00,5470笔,537315636988,
"
美的吸尘器旗舰店
",等更多商家,139.00,2.3万笔,523867939966,
"
haier海尔朋乐专卖店
",等更多商家,119.00,9595笔,523354390833,
"
小狗电器旗舰店
",等更多商家,399.00,3585笔,7910579201,
"
小狗香橙专卖店
",等更多商家,399.00,2.1万笔,539037443614,
"
haier海尔伊克美斯专卖店
",等更多商家,299.00,6259笔,523827839091,
"
韩夫人莱丰专卖店
",等更多商家,99.00,3.2万笔,521091111235,
"
亿力亿卡专卖店
",等更多商家,178.00,5592笔,521928990880,
"
小狗电器旗舰店
",等更多商家,799.00,1296笔,41320178520,
"
扬子华派专卖店
",等更多商家,99.80,1.2万笔,537682649966,
"
haier海尔东莱专卖店
",等更多商家,299.00,4186笔,528008547204,
"
德尔玛旗舰店
",等更多商家,199.00,3263笔,546240150540,
"
midea美的大美专卖店
",等更多商家,299.00,6309笔,534184475731,
"
德尔玛旗舰店
",等更多商家,99.80,4991笔,35676284269,
"
海尔生活电器专卖店
",等更多商家,339.00,3276笔,36255869963,
"
苏泊尔天汇专卖店
",等更多商家,399.00,3108笔,532712220361,
"
philips泰璞专卖店
",等更多商家,589.00,1527笔,40996775626,
"
杰诺旗舰店
",等更多商家,159.00,7882笔,44734736085,
"
韩夫人诺希专卖店
",等更多商家,169.00,7628笔,543397276600,
"
德力普电器专营店
",等更多商家,169.00,1.0万笔,37342757183,
"
飞利浦润氏专卖店
",等更多商家,999.00,1986笔,41593991088,
"
地贝苏州专卖店
",等更多商家,699.00,1461笔,522088785497,
"
dyson戴森官方旗舰店
",等更多商家,4990.00,975笔,537174397861,
"
亿力亿卡专卖店
",等更多商家,149.00,862笔,540391003537,
"
亿力浙江专卖店
",等更多商家,109.00,2515笔,45277865475,
"
扬子华派专卖店
",等更多商家,79.80,2156笔,544559934252,
"
莱克米标专卖店
",等更多商家,799.00,717笔,20009441213,
"
eup电器旗舰店
",等更多商家,499.00,527笔,546420931711,
"
奥克斯丁丁专卖店
",等更多商家,79.90,1937笔,525791913984,
"
haier海尔伊克美斯专卖店
",等更多商家,399.00,1338笔,520102348237,
"
天猫超市
",等更多商家,119.00,6052笔,526211455203,
"
志高妙之专卖店
",等更多商家,318.00,777笔,544540724615,
"
杰诺旗舰店
",等更多商家,349.00,2039笔,523221100491,
"
dyson戴森官方旗舰店
",等更多商家,4490.00,514笔,537061935969,
"
杰诺莫甘娜专卖店
",等更多商家,888.00,1239笔,545462702084,
"
享基电器专营店
",等更多商家,189.00,1449笔,527916914747,
"
美的吸尘器旗舰店
",等更多商家,199.00,2480笔,528263059988,
"
eup爱普专卖店
",等更多商家,199.00,2527笔,553606821041,
"
dibea地贝祺骏专卖店
",等更多商家,299.00,3133笔,549175385097,
"
小狗蓝弧专卖店
",等更多商家,899.00,1276笔,551375103257,
"
飞利浦润氏专卖店
",等更多商家,2699.00,413笔,540510733173,
"
杰诺莫甘娜专卖店
",等更多商家,589.00,1476笔,37297251527,
"
lexy莱克官方旗舰店
",等更多商家,2999.00,581笔,526390048024,
"
宝家丽超雯诺专卖店
",等更多商家,249.00,2590笔,546442209298,
"
京华电器旗舰店
",等更多商家,1335.00,424笔,18919678243,
"
奥克斯超森专卖店
",等更多商家,149.00,1563笔,549499714026,
"
韩夫人火爆虎专卖店
",等更多商家,99.00,2825笔,545138695216,
"
philips飞利浦流翔专卖店
",等更多商家,899.00,163笔,40884845161,
"
路特电器专营店
",等更多商家,299.00,491笔,554130800842,
"
华联电器专营店
",等更多商家,219.00,1158笔,20065184928,
"
飞利浦官方旗舰店
",等更多商家,499.00,205笔,45212018502,
"
韩夫人莱丰专卖店
",等更多商家,399.00,409笔,542662451567,
"
philips泰璞专卖店
",none,1599.00,382笔,525380536368,
"
飞利浦上游专卖店
",none,1599.00,798笔,539468144131,
"
飞利浦上游专卖店
",等更多商家,1599.00,798笔,539468144131,
"
飞利浦官方旗舰店
",等更多商家,349.00,420笔,520538844551,
"
midea美的泽蓝专卖店
",等更多商家,339.00,553笔,529003514184,
"
鑫爱家旗舰店
",等更多商家,299.00,1806笔,544504300462,
"
信社旗舰店
",等更多商家,699.00,1060笔,531387871169,
"
杰诺清境专卖店
",等更多商家,409.00,681笔,535634019472,
"
karcher凯驰上琨专卖店
",等更多商家,799.00,207笔,525892326108,
"
vorwerk福维克旗舰店
",等更多商家,5380.00,155笔,536777154199,
"
信社浦申专卖店
",等更多商家,499.00,1271笔,527665882465,
"
philips飞浦专卖店
",等更多商家,299.00,894笔,526058452885,
"
midea美的大美专卖店
",等更多商家,799.00,257笔,538282417175,
"
华联电器专营店
",等更多商家,499.00,344笔,529745529982,
"
天猫超市
",等更多商家,299.00,109笔,538616781812,
"
泰怡凯旗舰店
",等更多商家,1699.00,157笔,522998159999,
"
德力普电器专营店
",等更多商家,299.00,762笔,525301506182,
"
海尔生活家电旗舰店
",等更多商家,998.00,565笔,542330661733,
"
midea美的恒荣昌专卖店
",等更多商家,699.00,255笔,527953705339,
"
飞利浦上游专卖店
",等更多商家,1299.00,224笔,539466259927,
"
享基电器专营店
",等更多商家,239.00,121笔,555720250076,
"
伊莱克斯家美佳专卖店
",等更多商家,699.00,144笔,42526183914,
"
美的聚爱轩专卖店
",等更多商家,399.00,902笔,549411593046,
"
京华电器旗舰店
",等更多商家,568.00,190笔,21182991539,
"
韩夫人酷比专卖店
",等更多商家,299.00,410笔,553215234213,
"
韩夫人子曰专卖店
",等更多商家,259.00,423笔,547223524449,
"
荣事达金泉专卖店
",等更多商家,99.00,3908笔,553359681999,
"
小狗电器旗舰店
",等更多商家,1899.00,633笔,546445773212,
"
小狗电器旗舰店
",等更多商家,289.00,1121笔,521542045266,
"
美的吸尘器旗舰店
",等更多商家,399.00,2271笔,551737375330,
"
dyson戴森官方旗舰店
",等更多商家,2590.00,1089笔,548476118421,
"
dyson戴森官方旗舰店
",等更多商家,3690.00,691笔,548452717637,
"
美的吸尘器旗舰店
",等更多商家,499.00,643笔,523874979921,
"
亿力浙江专卖店
",等更多商家,219.00,542笔,39359141697,
"
扬子华派专卖店
",等更多商家,159.00,320笔,539746476338,
"
杰诺旗舰店
",等更多商家,2579.00,197笔,12854379206,
"
莱克家用电器专营店
",等更多商家,1599.00,243笔,544577406954,
"
宝家丽贝多专卖店
",等更多商家,149.00,452笔,525834342012,
"
康庄电器专营店
",等更多商家,356.00,488笔,39483504114,
"
philips金舜源专卖店
",等更多商家,579.00,133笔,538778309268,
"
豆芽菜电器专营店
",等更多商家,179.00,1492笔,548103540074,
"
欧圣电器旗舰店
",等更多商家,169.00,242笔,524628791038,
"
杰诺旗舰店
",等更多商家,1979.00,668笔,553388147504,
"
松下颜港专卖店
",等更多商家,299.00,309笔,522810579249,
"
杰诺宏奥专卖店
",等更多商家,1099.00,831笔,553186157781,
"
飞利浦润氏专卖店
",等更多商家,1899.00,99笔,43817794326,
"
欧圣电器旗舰店
",等更多商家,149.00,503笔,541022883914,
"
韩夫人诺希专卖店
",none,299.00,290笔,522654953805,
"
philips泰璞专卖店
",none,1199.00,95笔,527105696823,
"
杰诺宏奥专卖店
",none,599.00,149笔,527084985367,
"
莱克米标专卖店
",none,2599.00,327笔,526917455427,
"
家宝风旗舰店
",none,349.00,208笔,537490743571,
"
家宝风旗舰店
",none,109.00,334笔,524341892623,
"
tek科昂专卖店
",none,2299.00,60笔,549402696208,
"
ope旗舰店
",none,378.00,213笔,15901028200,
"
天猫超市
",none,399.00,177笔,538823661097,
"
lexy莱克官方旗舰店
",none,4999.00,107笔,526368158070,
"
天猫超市
",等更多商家,499.00,714笔,549127376719,
"
苏泊尔天汇专卖店
",等更多商家,699.00,176笔,555377366366,
"
海尔生活家电旗舰店
",等更多商家,649.00,225笔,522093727760,
"
信社浦泽专卖店
",等更多商家,249.00,389笔,552861040502,
"
Miele美诺电器官方旗舰店
",等更多商家,2499.00,81笔,521783411145,
"
abram亚伯兰旗舰店
",等更多商家,179.00,255笔,553245876225,
"
泰怡凯旗舰店
",等更多商家,2599.00,147笔,547653053965,
"
莱克米标专卖店
",等更多商家,899.00,54笔,19736001030,
"
lexy莱克希友购专卖店
",等更多商家,999.00,136笔,523019132275,
"
lerma乐尔玛旗舰店
",等更多商家,239.00,134笔,529787880157,
"
海尔生活电器专卖店
",等更多商家,369.00,407笔,521708746881,
"
鑫爱家爱洁雅专卖店
",等更多商家,169.00,357笔,526567174822,
"
苏宁易购官方旗舰店
",等更多商家,99.00,259笔,525770975827,
"
lexy莱克希友购专卖店
",等更多商家,899.00,287笔,520980530642,
"
小狗香橙专卖店
",等更多商家,899.00,113笔,41396013209,
"
松下电器旗舰店
",等更多商家,1999.00,188笔,546655423827,
"
cleanmaxx克林麦斯旗舰店
",等更多商家,799.00,19笔,529653508163,
"
jebsen官方旗舰店
",等更多商家,1990.00,25笔,526291401635,
"
奥克斯双邓专卖店
",等更多商家,229.00,131笔,540015999944,
"
京创电器专营店
",等更多商家,399.00,89笔,44799850018,
"
vacmaster旗舰店
",等更多商家,899.00,228笔,547030167278,
"
洁霸旗舰店
",等更多商家,680.00,159笔,39355175789,
"
lexy莱克海昊专卖店
",等更多商家,399.00,51笔,526408982763,
"
德尔玛旗舰店
",等更多商家,399.00,49笔,556351845668,
"
志高妙之专卖店
",等更多商家,399.00,90笔,544887237404,
"
伊莱克斯家美佳专卖店
",等更多商家,1380.00,59笔,534597210196,
"
韩夫人天虎专卖店
",等更多商家,189.00,112笔,555685849002,
"
地贝益节专卖店
",等更多商家,759.00,188笔,543628488694,
"
Miele美诺电器官方旗舰店
",等更多商家,3099.00,57笔,551030217204,
"
ope旗舰店
",等更多商家,370.00,160笔,43229142895,
"
泰怡凯旗舰店
",等更多商家,1599.00,53笔,527339578597,
"
bobhome旗舰店
",等更多商家,88.00,157笔,528141054514,
"
普沃达电器专营店
",等更多商家,425.00,256笔,549139379516,
"
小狗蓝弧专卖店
",等更多商家,999.00,3568笔,528371298866,
"
karcher凯驰上琨专卖店
",等更多商家,449.00,97笔,44904270729,
"
苏宁易购官方旗舰店
",等更多商家,299.00,106笔,523111404198,
"
松下顶好专卖店
",等更多商家,2799.00,53笔,539628775298,
"
鑫爱家爱洁雅专卖店
",等更多商家,499.00,509笔,540014033737,
"
海尔生活电器专卖店
",等更多商家,398.00,420笔,44925954336,
"
philips飞利浦丽新专卖店
",等更多商家,729.00,43笔,543106498665,
"
松下康威专卖店
",等更多商家,699.00,46笔,522636267414,
"
欧凯莱电器旗舰店
",等更多商家,149.00,94笔,45459160249,
"
飞利浦润氏专卖店
",等更多商家,3199.00,32笔,538068664520,
"
伊莱克斯恒莱专卖店
",等更多商家,1699.00,38笔,43876714412,
"
phisinic飞时山石立专卖
",none,368.00,431笔,37496832605,
"
lexy艾思玛特专卖店
",none,1599.00,157笔,551504263855,
"
信社旗舰店
",none,349.00,91笔,528005457874,
"
飞利浦官方旗舰店
",none,1599.00,41笔,527774584899,
"
philips泰璞专卖店
",none,999.00,44笔,527672145012,
"
tek科昂专卖店
",none,1999.00,24笔,532692422722,
"
小狗电器旗舰店
",none,699.00,493笔,521657867545,
"
小狗电器旗舰店
",none,599.00,746笔,44783878424,
"
dyson戴森官方旗舰店
",none,3390.00,278笔,548409380234,
"
dyson戴森官方旗舰店
",none,2090.00,113笔,545400205768,
"
杰诺旗舰店
",none,449.00,169笔,35139037820,
"
莱克米标专卖店
",none,2499.00,170笔,528587977555,
"
天猫超市
",none,239.00,203笔,533217334109,
"
杰诺旗舰店
",等更多商家,990.00,94笔,16147609135,
"
美的吸尘器旗舰店
",等更多商家,699.00,182笔,533033741438,
"
天猫超市
",等更多商家,439.00,124笔,533158375974,
"
欧圣电器旗舰店
",等更多商家,289.00,135笔,44032112814,
"
杰诺宏奥专卖店
",等更多商家,349.00,170笔,527035755167,
"
苏宁易购官方旗舰店
",等更多商家,199.00,164笔,526965921546,
"
zek正益凯旗舰店
",等更多商家,299.00,75笔,530457204023,
"
松下电器旗舰店
",等更多商家,1299.00,49笔,14606961939,
"
惠而浦格力特专卖店
",等更多商家,149.00,129笔,540401710953,
"
飞利浦新顶华专卖店
",等更多商家,1399.00,18笔,526567974612,
"
志高妙之专卖店
",等更多商家,499.00,110笔,544856632055,
"
lexy莱克嘉平瑞雪专卖店
",等更多商家,698.00,51笔,531930602895,
"
亿力电器旗舰店
",等更多商家,379.00,139笔,41785943697,
"
汉生旗舰店
",等更多商家,129.00,892笔,553611620101,
"
hoover海皮猴专卖店
",等更多商家,799.00,78笔,545641333100,
"
京华电器旗舰店
",等更多商家,880.00,64笔,26099976705,
"
地贝苏州专卖店
",等更多商家,899.00,62笔,534187868481,
"
vacmaster旗舰店
",等更多商家,399.00,87笔,526559636145,
"
德尔玛旗舰店
",等更多商家,119.00,743笔,526272756994,
"
苏宁易购官方旗舰店
",等更多商家,649.00,106笔,545622573148,
"
欧圣电器旗舰店
",等更多商家,369.00,85笔,39362427643,
"
飞利浦润氏专卖店
",等更多商家,1899.00,34笔,526075264493,
"
vorwerk福维克旗舰店
",等更多商家,4100.00,9笔,25630108575,
"
莱克米标专卖店
",等更多商家,1699.00,132笔,44406525959,
"
karcher凯驰上琨专卖店
",等更多商家,1790.00,43笔,543742019854,
"
扬子杰盼专卖店
",等更多商家,149.00,207笔,550028901542,
"
万创旗舰店
",等更多商家,118.00,57笔,556481867146,
"
philips飞浦专卖店
",等更多商家,799.00,41笔,531433167679,
"
lexy莱克海昊专卖店
",等更多商家,299.00,62笔,536847548423,
"
康庄电器专营店
",等更多商家,328.00,102笔,39308299903,
"
松下电器旗舰店
",等更多商家,1499.00,9笔,41407115156,
"
扬子华派专卖店
",等更多商家,149.00,111笔,545275715902,
"
eup爱普专卖店
",等更多商家,298.00,49笔,544881563139,
"
vacmaster旗舰店
",等更多商家,798.00,24笔,39543376267,
"
美的吸尘器旗舰店
",等更多商家,899.00,25笔,547617862099,
"
小狗塔塔专卖店
",等更多商家,599.00,2笔,547620244808,
"
松下斯基上海专卖店
",等更多商家,328.00,34笔,40131713969,
"
百得君之宏专卖店
",等更多商家,899.00,21笔,526495805091,
"
松下馨宽专卖店
",等更多商家,1999.00,3笔,537493491339,
"
苏泊尔玖尚专卖店
",等更多商家,999.00,24笔,42404063335,
"
洁霸旗舰店
",none,338.00,83笔,39258350239,
"
奥克斯丁丁专卖店
",none,179.00,56笔,529586993899,
"
tek科昂专卖店
",none,1199.00,68笔,40370538615,
"
伊莱克斯恒莱专卖店
",none,1980.00,17笔,41638992213,
"
飞利浦官方旗舰店
",none,1499.00,13笔,17658697820,
"
白云清洁旗舰
",none,358.00,46笔,36001678131,
"
韩夫人莱丰专卖店
",none,159.00,155笔,535769481193,
"
philips泰璞专卖店
",none,1899.00,9笔,530791144272,
"
philips飞浦专卖店
",none,1789.00,7笔,43626867098,
"
飞时吸尘器旗舰店
",none,128.00,49笔,521391786599,
"
松下颜港专卖店
",none,1499.00,15笔,532926835801,
"
hoover旗舰店
",none,2799.00,10笔,44672358889,
"
vorwerk福维克旗舰店
",none,3880.00,12笔,536851476534,
"
松下上琨专卖店
",none,1099.00,12笔,524141476023,
"
德尔玛旗舰店
",none,139.00,68笔,536026450671,
"
karcher凯驰旗舰店
",none,599.00,20笔,35614760858,
"
松下顶好专卖店
",none,449.00,30笔,45607415914,
"
红橡电器专营店
",none,1230.00,14笔,39266891177,
"
伊莱克斯恒莱专卖店
",none,3999.00,4笔,42659729022,
"
lexy莱克嘉平瑞雪专卖店
",none,999.00,6笔,535526351027,
"
airmate艾美特乐晓专卖店
",等更多商家,199.00,38笔,556266207986,
"
midea美的越陶专卖店
",等更多商家,299.00,5笔,539887124569,
"
爱建旗舰店
",等更多商家,699.00,2笔,541780424194,
"
角田电器专营店
",等更多商家,749.00,45笔,43293710243,
"
泰怡凯旗舰店
",等更多商家,1299.00,15笔,546679170710,
"
midea美的星盛事顺专卖店
",等更多商家,199.00,10笔,532482323942,
"
杰诺立辰专卖店
",等更多商家,1230.00,24笔,548118595850,
"
lexy莱克博奥专卖店
",等更多商家,799.00,14笔,538510085748,
"
杰诺清境专卖店
",等更多商家,689.00,47笔,44237620977,
"
karcher凯驰平里专卖店
",等更多商家,699.00,26笔,521525167959,
"
飞利浦鑫诺科捷专卖店
",等更多商家,369.00,47笔,555466716553,
"
karcher凯驰旗舰店
",等更多商家,699.00,18笔,18839252934,
"
志高妙之专卖店
",等更多商家,1098.00,26笔,547119627651,
"
小狗电器旗舰店
",等更多商家,1299.00,88笔,9911683481,
"
小狗电器旗舰店
",等更多商家,399.00,327笔,533164767605,
"
dyson戴森官方旗舰店
",等更多商家,4990.00,100笔,543130224211,
"
dyson戴森官方旗舰店
",等更多商家,1990.00,69笔,534055421609,
"
杰诺旗舰店
",等更多商家,399.00,67笔,532582021538,
"
杰诺旗舰店
",等更多商家,599.00,91笔,18131006456,
"
苏宁易购官方旗舰店
",等更多商家,358.00,50笔,525412573513,
"
莱克米标专卖店
",等更多商家,1399.00,5笔,36134505531,
"
莱克米标专卖店
",等更多商家,3999.00,85笔,526977840436,
"
美的吸尘器旗舰店
",等更多商家,2499.00,6笔,547713853020,
"
lexy莱克嘉平瑞雪专卖店
",等更多商家,1658.00,1笔,532609336701,
"
伊莱克斯小家电旗舰店
",等更多商家,2880.00,14笔,554221925725,
"
美的姿诺专卖店
",等更多商家,189.00,2笔,20012875331,
"
伊莱克斯金达信专卖店
",等更多商家,2080.00,32笔,549872869916,
"
福玛特旗舰店
",等更多商家,389.00,54笔,9917751631,
"
惠而浦嘉世通专卖店
",等更多商家,599.00,14笔,527424859753,
"
志高妙之专卖店
",等更多商家,799.00,28笔,544856856899,
"
京华电器旗舰店
",等更多商家,356.00,43笔,21179207660,
"
天猫国际官方直营国内现货
",等更多商家,4490.00,26笔,551214155804,
"
飞利浦润氏专卖店
",等更多商家,369.00,47笔,554693952229,
"
vacmaster旗舰店
",等更多商家,999.00,15笔,39985797286,
"
lexy莱克海昊专卖店
",等更多商家,499.00,2笔,529382308743,
"
panasonic丰友专卖店
",等更多商家,499.00,24笔,529405839498,
"
伊莱克斯恒莱专卖店
",等更多商家,2080.00,17笔,535370129628,
"
苏宁易购官方旗舰店
",等更多商家,2990.00,1274笔,550935613651,
"
扬子聚美专卖店
",等更多商家,199.00,302笔,551307346532,
"
karcher凯驰上琨专卖店
",等更多商家,899.00,30笔,530201324985,
"
panasonic平治专卖店
",等更多商家,769.00,21笔,43189123858,
"
vorwerk福维克旗舰店
",等更多商家,1580.00,1笔,18414206550,
"
博世家电官方旗舰店
",none,4099.00,1笔,521365549313,
"
karcher凯驰旗舰店
",none,9998.00,1笔,540682895581,
"
lg华锐专卖店
",none,2298.00,14笔,523930837577,
"
Miele美诺电器官方旗舰店
",none,1499.00,11笔,521670724511,
"
白云清洁旗舰
",none,680.00,82笔,19320333159,
"
hoover旗舰店
",none,1799.00,15笔,521991324128,
"
宝丽生活电器旗舰店
",none,128.00,29笔,534651178678,
"
midea美的从达专卖店
",none,348.00,17笔,529562458454,
"
LG生活电器旗舰店
",none,2298.00,13笔,520577509725,
"
karcher凯驰旗舰店
",none,899.00,16笔,20052524370,
"
Proscenic旗舰店
",none,1299.00,24笔,550008337681,
"
海尔生活电器专卖店
",none,599.00,47笔,41083865288,
"
苏泊尔官方旗舰店
",none,369.00,45笔,528421774175,
"
Miele美诺电器官方旗舰店
",none,5499.00,12笔,521783787946,
"
海尔学成专卖店
",none,799.00,39笔,548821688662,
"
eup电器旗舰店
",none,299.00,57笔,40568870709,
"
飞利浦本汇专卖店
",none,719.00,3笔,524479506129,
"
松下顶好专卖店
",none,899.00,13笔,45636210689,
"
松下斯基上海专卖店
",等更多商家,399.00,8笔,45489083759,
"
midea美的星盛事顺专卖店
",等更多商家,269.00,6笔,537344400026,
"
超宝旗舰店
",等更多商家,398.00,38笔,532632303642,
"
志高妙之专卖店
",等更多商家,1199.00,9笔,554916277447,
"
abram亚伯兰旗舰店
",等更多商家,1299.00,20笔,538675450028,
"
karcher上海专卖店
",等更多商家,750.00,6笔,537085234160,
"
飞利浦京创专卖店
",等更多商家,458.00,29笔,41027906099,
"
爱建旗舰店
",等更多商家,799.00,13笔,537314033931,
"
飞利浦官方旗舰店
",等更多商家,499.00,79笔,521171946689,
"
杰诺宏奥专卖店
",等更多商家,879.00,74笔,553222770512,
"
philips泰璞专卖店
",等更多商家,899.00,683笔,526882571064,
"
普沃达电器专营店
",等更多商家,499.00,36笔,547753215902,
"
lexy莱克丹尼斯特专卖店
",等更多商家,1499.00,3笔,538620030799,
"
tek科昂专卖店
",等更多商家,1599.00,14笔,555540530045,
"
东亿天泽专卖店
",等更多商家,1198.00,8笔,44008860205,
"
宝丽生活电器旗舰店
",等更多商家,99.00,7笔,537910124274,
"
美的吸尘器旗舰店
",等更多商家,439.00,10笔,542227682855,
"
lexy莱克黎程专卖店
",等更多商家,1799.00,8笔,523368645927,
"
美的泰博烽专卖店
",等更多商家,399.00,2笔,37130129123,
"
博世官方旗舰店
",等更多商家,3599.00,13笔,550484447463,
"
小狗塔塔专卖店
",等更多商家,198.00,3笔,542117986192,
"
麦克码尼电器专营店
",等更多商家,699.00,3笔,42969998551,
"
洁霸旗舰店
",等更多商家,863.00,15笔,39400972720,
"
ope旗舰店
",等更多商家,418.00,7笔,44711996173,
"
杰诺宏奥专卖店
",等更多商家,1090.00,14笔,527238914313,
"
超宝旗舰店
",等更多商家,988.00,23笔,532711222514,
"
博世家电官方旗舰店
",等更多商家,1999.00,3笔,539417881724,
"
松下电器旗舰店
",等更多商家,2999.00,3笔,555062284228,
"
伊莱克斯小家电旗舰店
",等更多商家,2480.00,13笔,41654688673,
"
亿力浙江专卖店
",等更多商家,899.00,3笔,540640245501,
"
abram亚伯兰旗舰店
",等更多商家,799.00,11笔,537474583018,
"
小狗爱尔畅专卖店
",等更多商家,999.00,7笔,548484366729,
"
dyson戴森兴长信达专卖店
",等更多商家,2990.00,3笔,539777795289,
"
小狗电器旗舰店
",等更多商家,499.00,126笔,530329307091,
"
小狗电器旗舰店
",等更多商家,1399.00,78笔,531835113284,
"
dyson戴森官方旗舰店
",等更多商家,2990.00,54笔,45673299164,
"
dyson戴森官方旗舰店
",none,3990.00,54笔,553790694894,
"
杰诺旗舰店
",none,1790.00,55笔,16147777102,
"
杰诺旗舰店
",none,699.00,48笔,39937248432,
"
karcher凯驰旗舰店
",none,4490.00,9笔,39581346970,
"
苏宁易购官方旗舰店
",none,4190.00,130笔,549782693400,
"
莱克米标专卖店
",none,999.00,11笔,20030185110,
"
karcher凯驰旗舰店
",none,3999.00,4笔,16142253883,
"
Miele美诺电器官方旗舰店
",none,1999.00,16笔,521671558102,
"
vacmaster旗舰店
",none,999.00,7笔,526936057094,
"
Miele美诺电器官方旗舰店
",none,3899.00,6笔,521609534954,
"
vacmaster旗舰店
",none,799.00,12笔,540394616127,
"
beko旗舰店
",none,599.00,8笔,553029360371,
"
松下馨宽专卖店
",none,1188.00,1笔,529419114824,
"
博世家电官方旗舰店
",none,899.00,5笔,547729978372,
"
松下电器旗舰店
",none,899.00,20笔,520778508251,
"
白云清洁旗舰
",none,820.00,3笔,43736416890,
"
德力普电器专营店
",none,699.00,40笔,554593671470,
"
vorwerk福维克旗舰店
",none,2180.00,1笔,41861254351,
"
亿力电器旗舰店
",none,718.00,29笔,41802910721,
"
苏泊尔怡通众合专卖店
",none,599.00,12笔,527372672724,
"
松下电器旗舰店
",none,1099.00,510笔,521073387267,
"
苏泊尔玖尚专卖店
",none,999.00,1笔,545898895034,
"
德尔玛旗舰店
",none,299.00,39笔,549115645712,
"
苏宁易购官方旗舰店
",none,88.00,19笔,521261288360,
"
lexy鑫如专卖店
",等更多商家,699.00,1笔,38655837072,
"
lg宙斯专卖店
",等更多商家,2398.00,5笔,541932524760,
"
海尔官方旗舰店
",等更多商家,159.00,23笔,527115016951,
"
海尔生活家电旗舰店
",等更多商家,799.00,56笔,531495872256,
"
lexy莱克博奥专卖店
",等更多商家,499.00,12笔,550220691274,
"
韩京姬旗舰店
",等更多商家,499.00,21笔,39628949256,
"
白云清洁旗舰
",等更多商家,863.00,42笔,35399250347,
"
美的云美专卖店
",等更多商家,799.00,1笔,547743274374,
"
美的云美专卖店
",等更多商家,199.00,1笔,541597262448,
"
亿力电器旗舰店
",等更多商家,1449.00,9笔,522855890681,
"
philips金舜源专卖店
",等更多商家,549.00,31笔,40150092769,
"
伊莱克斯小家电旗舰店
",等更多商家,2480.00,4笔,541115225200,
"
美的美山专卖店
",等更多商家,996.00,17笔,530152755577,
"
松下文迪专卖店
",等更多商家,319.00,26笔,535925889383,
"
富邦瑞通电器专营店
",等更多商家,999.00,2笔,521289415771,
"
伊莱克斯恒莱专卖店
",等更多商家,6499.00,1笔,520186138917,
"
lexy鑫如专卖店
",等更多商家,4999.00,1笔,40234023574,
"
伊莱克斯恒莱专卖店
",等更多商家,5999.00,1笔,520186278536,
"
haier海尔隆阳专卖店
",等更多商家,149.00,5笔,539848877614,
"
亿力亿卡专卖店
",等更多商家,899.00,6笔,538803983799,
"
eksera旗舰店
",等更多商家,258.00,44笔,544510006473,
"
宝丽生活电器旗舰店
",等更多商家,699.00,19笔,554772910195,
"
百得君之宏专卖店
",等更多商家,1299.00,13笔,531666470500,
"
亿力亿卡专卖店
",等更多商家,799.00,17笔,552311790838,
"
lexy莱克博奥专卖店
",等更多商家,599.00,2笔,538495637280,
"
海尔生活家电旗舰店
",等更多商家,699.00,15笔,38924754670,
"
百得君之宏专卖店
",等更多商家,2499.00,3笔,540285345333,
"
伊莱克斯小家电旗舰店
",等更多商家,799.00,1笔,545243126157,
"
志高妙之专卖店
",等更多商家,459.00,15笔,544823492176,
"
福洋电器旗舰店
",等更多商家,299.00,2笔,520400217281,
"
haan韩京姬上海专卖店
",等更多商家,699.00,9笔,540260984191,
"
dibea地贝立比特专卖店
",等更多商家,899.00,16笔,543838295778,
"
尤尔德电器专营店
",等更多商家,699.00,10笔,525263489756,
"
松下莅杰专卖店
",等更多商家,2999.00,2笔,553477741421,
"
富邦瑞通电器专营店
",等更多商家,1399.00,1笔,40398892029,
"
海尔生活电器专卖店
",等更多商家,399.00,24笔,524876676178,
"
飞利浦官方旗舰店
",等更多商家,569.00,8笔,26096656534,
"
飞利浦润诚专卖店
",等更多商家,669.00,10笔,18383601157,
"
美的聚爱轩专卖店
",等更多商家,2599.00,1笔,545893314037,
"
松下鸿兴天景专卖店
",等更多商家,3299.00,9笔,540808083974,
"
杰诺戴森专卖店
",等更多商家,129.00,25笔,534643684631,
"
志高妙之专卖店
",等更多商家,699.00,14笔,545047080655,
"
lexy莱克嘉平瑞雪专卖店
",等更多商家,538.00,16笔,531212674929,
"
京华电器旗舰店
",等更多商家,450.00,13笔,21182983078,
"
康庄电器专营店
",等更多商家,328.00,10笔,39769527107,
"
ope旗舰店
",等更多商家,780.00,4笔,43412730597,
"
莱克米标专卖店
",等更多商家,2299.00,15笔,35572544806,
"
宝家丽旗舰店
",none,199.00,15笔,37670517678,
"
家宝风旗舰店
",none,209.00,6笔,525991748740,
"
欧圣电器旗舰店
",none,659.00,4笔,520014479520,
"
洁霸旗舰店
",none,673.00,9笔,39250711515,
"
eup电器旗舰店
",none,1299.00,3笔,44900666343,
"
飞利浦润氏专卖店
",none,2999.00,1笔,43870312482,
"
小狗电器旗舰店
",none,999.00,70笔,525580688117,
"
小狗电器旗舰店
",none,1099.00,12笔,39679173296,
"
杰诺旗舰店
",none,799.00,36笔,43432436144,
"
karcher凯驰旗舰店
",none,3490.00,5笔,14572671556,
"
松下电器旗舰店
",none,599.00,24笔,528776940025,
"
松下电器旗舰店
",none,699.00,7笔,38906396291,
"
karcher凯驰旗舰店
",none,3490.00,5笔,525922072223,
"
苏宁易购官方旗舰店
",等更多商家,799.00,1笔,535409963216,
"
亿力亿卡专卖店
",等更多商家,698.00,2笔,521676099200,
"
白云清洁旗舰
",等更多商家,738.00,5笔,43565265375,
"
伊莱克斯恒莱专卖店
",等更多商家,3999.00,1笔,522785104449,
"
伊莱克斯小家电旗舰店
",等更多商家,699.00,2笔,538453197310,
"
苏宁易购官方旗舰店
",等更多商家,799.00,5笔,528787668940,
"
lexy鑫如专卖店
",等更多商家,599.00,3笔,38528426378,
"
伊莱克斯小家电旗舰店
",等更多商家,1499.00,1笔,43402821294,
"
eup电器旗舰店
",等更多商家,499.00,13笔,44545040341,
"
lexy莱克丹尼斯特专卖店
",等更多商家,1799.00,0笔,521177765900,
"
blackdecker百得旗舰店
",等更多商家,599.00,9笔,43721745572,
"
panasonic丰友专卖店
",等更多商家,299.00,2笔,526927221934,
"
洁霸旗舰店
",等更多商家,820.00,1笔,39281989011,
"
Miele美诺电器官方旗舰店
",等更多商家,1699.00,6笔,521671574216,
"
康庄电器专营店
",等更多商家,673.00,6笔,41135938401,
"
lexy艾思玛特专卖店
",等更多商家,2499.00,420笔,553314887424,
"
洁霸旗舰店
",等更多商家,680.00,6笔,39320459849,
"
伊莱克斯家美佳专卖店
",等更多商家,1099.00,1笔,42526959002,
"
lexy莱克嘉平瑞雪专卖店
",等更多商家,1198.00,9笔,536046721068,
"
vacmaster旗舰店
",等更多商家,999.00,4笔,547268766173,
"
eup电器旗舰店
",等更多商家,568.00,1笔,41192274235,
"
京华电器旗舰店
",等更多商家,410.00,5笔,35861347038,
"
vacmaster旗舰店
",等更多商家,499.00,18笔,39152252137,
"
亿力亿卡专卖店
",等更多商家,449.00,2笔,547712987376,
"
泰怡凯旗舰店
",等更多商家,1499.00,2笔,524232088482,
"
亿力浙江专卖店
",等更多商家,688.00,3笔,524456597912,
"
白云清洁本都专卖店
",等更多商家,358.00,9笔,528426561848,
"
博哲电器专营店
",等更多商家,3999.00,1笔,38754873293,
"
京华电器旗舰店
",等更多商家,368.00,2笔,35494786942,
"
lexy莱克海昊专卖店
",等更多商家,549.00,4笔,521742157510,
"
小狗塔塔专卖店
",等更多商家,2599.00,2笔,555221102756,
"
杰诺旗舰店
",等更多商家,489.00,7笔,35513757987,
"
lexy莱克海昊专卖店
",等更多商家,899.00,5笔,522829644772,
"
bosch博世亮煦专卖店
",等更多商家,3999.00,6笔,551585430237,
"
杰诺立辰专卖店
",等更多商家,599.00,10笔,40587379977,
"
美的云美专卖店
",等更多商家,1799.00,1笔,547668705708,
"
亿力浙江专卖店
",等更多商家,189.00,16笔,555258620300,
"
杰诺宏奥专卖店
",none,559.00,3笔,527261520272,
"
lexy莱克其万专卖店
",none,599.00,3笔,43110347312,
"
德尔玛旗舰店
",none,998.00,4笔,556496655265,
"
海尔生活家电旗舰店
",none,398.00,6笔,36743746954,
"
百得庆之顺专卖店
",none,899.00,11笔,523951447345,
"
超宝旗舰店
",none,328.00,12笔,532892193076,
"
百得庆之顺专卖店
",none,2998.00,4笔,525265725367,
"
莱克家用电器专营店
",none,1599.00,38笔,546679626466,
"
飞利浦鑫诺科捷专卖店
",none,1399.00,1笔,555396836263,
"
lexy莱克博奥专卖店
",none,2199.00,1笔,538397059158,
"
红橡电器专营店
",none,389.00,6笔,39085555998,
"
史丹利欧圣专卖店
",none,399.00,18笔,542969840643,
"
philips飞浦专卖店
",none,999.00,6笔,548543066746,
"
ope旗舰店
",none,578.00,10笔,41653695789,
"
karcher上海专卖店
",none,2090.00,2笔,540796431306,
"
超宝南昕专卖店
",none,880.00,13笔,17681722050,
"
志高妙之专卖店
",none,559.00,11笔,544915031498,
"
lexy莱克丹尼斯特专卖店
",none,1499.00,1笔,521113177590,
"
苏泊尔官方旗舰店
",none,599.00,1笔,42174986982,
"
lexy莱克博奥专卖店
",none,449.00,6笔,538211037221,
"
康庄电器专营店
",none,299.00,2笔,40065784969,
"
cleanmaxx克林麦斯旗舰店
",none,199.00,9笔,520112323236,
"
飞利浦新顶华专卖店
",none,2999.00,1笔,39373809986,
"
韩夫人子曰专卖店
",等更多商家,399.00,2笔,544918327889,
"
ope旗舰店
",等更多商家,390.00,6笔,17373856210,
"
hoover旗舰店
",等更多商家,1699.00,4笔,44715737209,
"
惠而浦嘉世通专卖店
",等更多商家,1399.00,2笔,544700930955,
"
nilfisk鼎信嘉茂专卖店
",等更多商家,3899.00,2笔,520041574497,
"
伊莱克斯恒莱专卖店
",等更多商家,2099.00,2笔,19044673180,
"
莱克米标专卖店
",等更多商家,3599.00,1笔,526917159666,
"
百利电器专营店
",等更多商家,399.00,1笔,529673041974,
"
百得君之宏专卖店
",等更多商家,449.00,12笔,537372565939,
"
亿力电器旗舰店
",等更多商家,299.00,30笔,19168382715,
"
宝丽生活电器旗舰店
",等更多商家,898.00,4笔,552696516450,
"
爱丽思官方旗舰店
",等更多商家,399.00,22笔,552662206507,
"
百得庆之顺专卖店
",等更多商家,1099.00,1笔,523982099529,
"
小狗电器旗舰店
",等更多商家,1599.00,20笔,37737532978,
"
松下电器旗舰店
",等更多商家,999.00,5笔,40136308292,
"
karcher凯驰旗舰店
",等更多商家,2799.00,3笔,18367592878,
"
松下电器旗舰店
",等更多商家,2499.00,104笔,548138687461,
"
karcher凯驰旗舰店
",等更多商家,1999.00,6笔,20349152690,
"
伊莱克斯小家电旗舰店
",等更多商家,4180.00,7笔,555272739820,
"
eup电器旗舰店
",等更多商家,598.00,5笔,40264799896,
"
eup电器旗舰店
",等更多商家,498.00,1笔,40264895569,
"
伊莱克斯小家电旗舰店
",等更多商家,1299.00,3笔,538452069121,
"
京华电器旗舰店
",等更多商家,359.00,1笔,26092852884,
"
美居乐家电器专营店
",等更多商家,899.00,1笔,44383223289,
"
史丹利欧圣专卖店
",等更多商家,280.00,1笔,536054164456,
"
苏宁易购官方旗舰店
",none,599.00,1笔,523283784164,
"
路顺达电器专营店
",none,3599.00,1笔,18827733111,
"
德尔玛旗舰店
",none,299.00,23笔,38962631070,
"
ope旗舰店
",none,328.00,3笔,523003888343,
"
普沃达电器专营店
",none,299.00,12笔,537959036285,
"
爱建旗舰店
",none,779.00,2笔,537213229299,
"
亿力电器旗舰店
",none,489.00,5笔,21495519321,
"
hoover旗舰店
",none,1499.00,2笔,44734720323,
"
杰诺戴森专卖店
",none,569.00,1笔,550580254561,
"
百得君之宏专卖店
",none,899.00,11笔,526513384025,
"
东亿天泽专卖店
",none,1398.00,7笔,43932355659,
"
karcher凯驰旗舰店
",none,3199.00,1笔,17306142629,
"
伊莱克斯小家电旗舰店
",none,2599.00,3笔,550074125076,
"
eup电器旗舰店
",none,358.00,1笔,44098500261,
"
cleanmaxx克林麦斯旗舰店
",等更多商家,799.00,5笔,522935020853,
"
博世官方旗舰店
",等更多商家,2189.00,9笔,550610964515,
"
克力威旗舰店
",等更多商家,850.00,3笔,520152657393,
"
百得庆之顺专卖店
",等更多商家,399.00,5笔,523976622388,
"
康庄电器专营店
",等更多商家,338.00,4笔,40155843089,
"
blackdecker百得旗舰店
",等更多商家,799.00,2笔,43937782357,
"
白云清洁本都专卖店
",等更多商家,750.00,2笔,531005043412,
"
苏泊尔官方旗舰店
",等更多商家,299.00,17笔,524506387158,
"
karcher凯驰旗舰店
",等更多商家,3199.00,1笔,17306142629,
"
伊莱克斯小家电旗舰店
",等更多商家,2599.00,3笔,550074125076,
"
karcher凯驰旗舰店
",等更多商家,1199.00,9笔,556158383039,
"
松下电器旗舰店
",none,1699.00,3笔,550897376494,
"
eup电器旗舰店
",none,358.00,1笔,44098500261,
"
白云清洁旗舰
",none,338.00,9笔,521244920645,
"
eup电器旗舰店
",none,298.00,2笔,545841823908,
p_Name,p_Type,price,sellcount,ProductID,p_link
"
美的欧都专卖店
",等更多商家,369.00,1.3万笔,41696362194,
"
美的吸尘器旗舰店
",等更多商家,139.00,2.2万笔,523867939966,
"
haier海尔朋乐专卖店
",等更多商家,119.00,9408笔,523354390833,
"
小狗电器旗舰店
",等更多商家,799.00,1450笔,41320178520,
"
小狗电器旗舰店
",等更多商家,399.00,3705笔,7910579201,
"
韩夫人莱丰专卖店
",等更多商家,99.00,3.2万笔,521091111235,
"
亿力亿卡专卖店
",等更多商家,178.00,5601笔,521928990880,
"
小狗香橙专卖店
",等更多商家,399.00,2.1万笔,539037443614,
"
扬子华派专卖店
",等更多商家,99.80,1.2万笔,537682649966,
"
haier海尔东莱专卖店
",等更多商家,277.80,3830笔,528008547204,
"
小狗香橙专卖店
",等更多商家,199.00,5495笔,537315636988,
"
midea美的大美专卖店
",等更多商家,289.00,6191笔,534184475731,
"
飞利浦润氏专卖店
",等更多商家,999.00,2043笔,41593991088,
"
德尔玛旗舰店
",等更多商家,199.00,3232笔,546240150540,
"
杰诺旗舰店
",等更多商家,159.00,7869笔,44734736085,
"
韩夫人诺希专卖店
",等更多商家,169.00,7778笔,543397276600,
"
德力普电器专营店
",等更多商家,169.00,1.0万笔,37342757183,
"
苏泊尔天汇专卖店
",等更多商家,369.00,2754笔,532712220361,
"
德尔玛旗舰店
",等更多商家,99.80,4597笔,35676284269,
"
海尔生活电器专卖店
",等更多商家,339.00,3302笔,36255869963,
"
philips泰璞专卖店
",等更多商家,549.00,1468笔,40996775626,
"
地贝苏州专卖店
",等更多商家,499.00,1464笔,522088785497,
"
dyson戴森官方旗舰店
",等更多商家,4990.00,951笔,537174397861,
"
天猫超市
",等更多商家,119.00,5856笔,526211455203,
"
扬子华派专卖店
",等更多商家,79.80,2141笔,544559934252,
"
奥克斯丁丁专卖店
",等更多商家,79.90,1883笔,525791913984,
"
海尔生活家电旗舰店
",等更多商家,998.00,644笔,542330661733,
"
莱克米标专卖店
",等更多商家,749.00,670笔,20009441213,
"
亿力浙江专卖店
",等更多商家,109.00,2469笔,45277865475,
"
eup电器旗舰店
",等更多商家,499.00,481笔,546420931711,
"
haier海尔伊克美斯专卖店
",等更多商家,379.00,954笔,520102348237,
"
杰诺旗舰店
",等更多商家,329.00,1296笔,523221100491,
"
dyson戴森官方旗舰店
",等更多商家,4490.00,411笔,537061935969,
"
亿力亿卡专卖店
",等更多商家,149.00,911笔,540391003537,
"
eup爱普专卖店
",等更多商家,199.00,2569笔,553606821041,
"
享基电器专营店
",等更多商家,189.00,1445笔,527916914747,
"
dibea地贝祺骏专卖店
",等更多商家,299.00,3183笔,549175385097,
"
杰诺莫甘娜专卖店
",等更多商家,888.00,1137笔,545462702084,
"
midea美的大美专卖店
",等更多商家,399.00,2321笔,554634398540,
"
lexy莱克官方旗舰店
",等更多商家,2499.00,495笔,526390048024,
"
华联电器专营店
",等更多商家,199.00,1151笔,20065184928,
"
小狗蓝弧专卖店
",等更多商家,899.00,1274笔,551375103257,
"
韩夫人火爆虎专卖店
",等更多商家,99.00,2798笔,545138695216,
"
宝家丽超雯诺专卖店
",等更多商家,249.00,2594笔,546442209298,
"
lexy莱克官方旗舰店
",等更多商家,1899.00,408笔,530434938795,
"
杰诺清境专卖店
",等更多商家,409.00,681笔,535634019472,
"
韩夫人莱丰专卖店
",等更多商家,359.00,367笔,542662451567,
"
杰诺莫甘娜专卖店
",等更多商家,589.00,1361笔,37297251527,
"
志高妙之专卖店
",等更多商家,318.00,747笔,544540724615,
"
京华电器旗舰店
",等更多商家,1335.00,424笔,18919678243,
"
享基电器专营店
",等更多商家,238.00,149笔,555720250076,
"
飞利浦官方旗舰店
",等更多商家,799.00,639笔,535361270401,
"
路特电器专营店
",等更多商家,299.00,501笔,554130800842,
"
philips飞利浦流翔专卖店
",none,899.00,144笔,40884845161,
"
泰怡凯旗舰店
",none,1699.00,141笔,522998159999,
p_Name,p_Type,price,sellcount,ProductID,p_link
"
美的欧都专卖店
",等更多商家,369.00,1.3万笔,41696362194,
"
美的吸尘器旗舰店
",等更多商家,139.00,2.2万笔,523867939966,
"
haier海尔朋乐专卖店
",等更多商家,119.00,8660笔,523354390833,
"
小狗电器旗舰店
",等更多商家,799.00,1255笔,41320178520,
"
小狗电器旗舰店
",等更多商家,399.00,3688笔,7910579201,
"
韩夫人莱丰专卖店
",等更多商家,99.00,3.2万笔,521091111235,
"
亿力亿卡专卖店
",等更多商家,178.00,5619笔,521928990880,
"
小狗香橙专卖店
",等更多商家,399.00,2.2万笔,539037443614,
"
扬子华派专卖店
",等更多商家,99.80,1.1万笔,537682649966,
"
haier海尔东莱专卖店
",等更多商家,277.80,3836笔,528008547204,
"
小狗香橙专卖店
",等更多商家,199.00,5512笔,537315636988,
"
midea美的大美专卖店
",等更多商家,289.00,6281笔,534184475731,
"
飞利浦润氏专卖店
",等更多商家,999.00,2083笔,41593991088,
"
德尔玛旗舰店
",等更多商家,199.00,3255笔,546240150540,
"
杰诺旗舰店
",等更多商家,159.00,8232笔,44734736085,
"
韩夫人诺希专卖店
",等更多商家,169.00,8011笔,543397276600,
"
德力普电器专营店
",等更多商家,169.00,1.0万笔,37342757183,
"
苏泊尔天汇专卖店
",等更多商家,369.00,2673笔,532712220361,
"
德尔玛旗舰店
",等更多商家,99.80,4591笔,35676284269,
"
海尔生活电器专卖店
",等更多商家,339.00,3363笔,36255869963,
"
philips泰璞专卖店
",等更多商家,549.00,1377笔,40996775626,
"
地贝苏州专卖店
",等更多商家,499.00,1451笔,522088785497,
"
dyson戴森官方旗舰店
",等更多商家,4990.00,872笔,537174397861,
"
天猫超市
",等更多商家,119.00,4953笔,526211455203,
"
扬子华派专卖店
",等更多商家,79.80,2153笔,544559934252,
"
奥克斯丁丁专卖店
",等更多商家,79.90,1871笔,525791913984,
"
海尔生活家电旗舰店
",等更多商家,998.00,648笔,542330661733,
"
莱克米标专卖店
",等更多商家,749.00,693笔,20009441213,
"
亿力浙江专卖店
",等更多商家,109.00,2419笔,45277865475,
"
eup电器旗舰店
",等更多商家,499.00,474笔,546420931711,
"
haier海尔伊克美斯专卖店
",等更多商家,379.00,949笔,520102348237,
"
杰诺旗舰店
",等更多商家,329.00,1634笔,523221100491,
"
dyson戴森官方旗舰店
",等更多商家,4490.00,421笔,537061935969,
"
亿力亿卡专卖店
",等更多商家,149.00,981笔,540391003537,
"
eup爱普专卖店
",等更多商家,199.00,2619笔,553606821041,
"
享基电器专营店
",等更多商家,189.00,971笔,527916914747,
"
dibea地贝祺骏专卖店
",等更多商家,299.00,3101笔,549175385097,
"
杰诺莫甘娜专卖店
",等更多商家,888.00,1127笔,545462702084,
"
midea美的大美专卖店
",等更多商家,399.00,2402笔,554634398540,
"
lexy莱克官方旗舰店
",等更多商家,2499.00,390笔,526390048024,
"
华联电器专营店
",等更多商家,199.00,1040笔,20065184928,
"
小狗蓝弧专卖店
",等更多商家,899.00,1152笔,551375103257,
"
韩夫人火爆虎专卖店
",等更多商家,99.00,2625笔,545138695216,
"
宝家丽超雯诺专卖店
",等更多商家,249.00,2584笔,546442209298,
"
lexy莱克官方旗舰店
",等更多商家,1899.00,404笔,530434938795,
"
杰诺清境专卖店
",等更多商家,409.00,1笔,535634019472,
"
韩夫人莱丰专卖店
",等更多商家,359.00,357笔,542662451567,
"
杰诺莫甘娜专卖店
",等更多商家,589.00,852笔,37297251527,
"
志高妙之专卖店
",等更多商家,318.00,747笔,544540724615,
"
京华电器旗舰店
",等更多商家,1335.00,424笔,18919678243,
"
享基电器专营店
",等更多商家,238.00,176笔,555720250076,
"
飞利浦官方旗舰店
",等更多商家,799.00,673笔,535361270401,
"
路特电器专营店
",等更多商家,299.00,521笔,554130800842,
"
philips飞利浦流翔专卖店
",none,899.00,151笔,40884845161,
"
泰怡凯旗舰店
",none,1699.00,151笔,522998159999,
p_Name,p_Type,price,sellcount,ProductID,p_link
"
美的欧都专卖店
",等更多商家,369.00,1.3万笔,41696362194,
"
美的吸尘器旗舰店
",等更多商家,139.00,2.2万笔,523867939966,
"
haier海尔朋乐专卖店
",等更多商家,119.00,9408笔,523354390833,
"
小狗电器旗舰店
",等更多商家,799.00,1450笔,41320178520,
"
小狗电器旗舰店
",等更多商家,399.00,3705笔,7910579201,
"
韩夫人莱丰专卖店
",等更多商家,99.00,3.2万笔,521091111235,
"
亿力亿卡专卖店
",等更多商家,178.00,5601笔,521928990880,
"
小狗香橙专卖店
",等更多商家,399.00,2.1万笔,539037443614,
"
扬子华派专卖店
",等更多商家,99.80,1.2万笔,537682649966,
"
haier海尔东莱专卖店
",等更多商家,277.80,3830笔,528008547204,
"
小狗香橙专卖店
",等更多商家,199.00,5495笔,537315636988,
"
midea美的大美专卖店
",等更多商家,289.00,6191笔,534184475731,
"
飞利浦润氏专卖店
",等更多商家,999.00,2043笔,41593991088,
"
德尔玛旗舰店
",等更多商家,199.00,3232笔,546240150540,
"
杰诺旗舰店
",等更多商家,159.00,7869笔,44734736085,
"
韩夫人诺希专卖店
",等更多商家,169.00,7778笔,543397276600,
"
德力普电器专营店
",等更多商家,169.00,1.0万笔,37342757183,
"
苏泊尔天汇专卖店
",等更多商家,369.00,2754笔,532712220361,
"
德尔玛旗舰店
",等更多商家,99.80,4597笔,35676284269,
"
海尔生活电器专卖店
",等更多商家,339.00,3302笔,36255869963,
"
philips泰璞专卖店
",等更多商家,549.00,1468笔,40996775626,
"
地贝苏州专卖店
",等更多商家,499.00,1464笔,522088785497,
"
dyson戴森官方旗舰店
",等更多商家,4990.00,951笔,537174397861,
"
天猫超市
",等更多商家,119.00,5856笔,526211455203,
"
扬子华派专卖店
",等更多商家,79.80,2141笔,544559934252,
"
奥克斯丁丁专卖店
",等更多商家,79.90,1883笔,525791913984,
"
海尔生活家电旗舰店
",等更多商家,998.00,644笔,542330661733,
"
莱克米标专卖店
",等更多商家,749.00,670笔,20009441213,
"
亿力浙江专卖店
",等更多商家,109.00,2469笔,45277865475,
"
eup电器旗舰店
",等更多商家,499.00,481笔,546420931711,
"
haier海尔伊克美斯专卖店
",等更多商家,379.00,954笔,520102348237,
"
杰诺旗舰店
",等更多商家,329.00,1296笔,523221100491,
"
dyson戴森官方旗舰店
",等更多商家,4490.00,411笔,537061935969,
"
亿力亿卡专卖店
",等更多商家,149.00,911笔,540391003537,
"
eup爱普专卖店
",等更多商家,199.00,2569笔,553606821041,
"
享基电器专营店
",等更多商家,189.00,1445笔,527916914747,
"
dibea地贝祺骏专卖店
",等更多商家,299.00,3183笔,549175385097,
"
杰诺莫甘娜专卖店
",等更多商家,888.00,1137笔,545462702084,
"
midea美的大美专卖店
",等更多商家,399.00,2321笔,554634398540,
"
lexy莱克官方旗舰店
",等更多商家,2499.00,495笔,526390048024,
"
华联电器专营店
",等更多商家,199.00,1151笔,20065184928,
"
小狗蓝弧专卖店
",等更多商家,899.00,1274笔,551375103257,
"
韩夫人火爆虎专卖店
",等更多商家,99.00,2798笔,545138695216,
"
宝家丽超雯诺专卖店
",等更多商家,249.00,2594笔,546442209298,
"
lexy莱克官方旗舰店
",等更多商家,1899.00,408笔,530434938795,
"
杰诺清境专卖店
",等更多商家,409.00,681笔,535634019472,
"
韩夫人莱丰专卖店
",等更多商家,359.00,367笔,542662451567,
"
杰诺莫甘娜专卖店
",等更多商家,589.00,1361笔,37297251527,
"
志高妙之专卖店
",等更多商家,318.00,747笔,544540724615,
"
京华电器旗舰店
",等更多商家,1335.00,424笔,18919678243,
"
享基电器专营店
",等更多商家,238.00,149笔,555720250076,
"
飞利浦官方旗舰店
",等更多商家,799.00,639笔,535361270401,
"
路特电器专营店
",等更多商家,299.00,501笔,554130800842,
"
philips飞利浦流翔专卖店
",none,899.00,144笔,40884845161,
"
泰怡凯旗舰店
",none,1699.00,141笔,522998159999,
p_Name,p_Type,price,sellcount,ProductID,p_link
"
美的欧都专卖店
",等更多商家,369.00,1.3万笔,41696362194,
"
美的吸尘器旗舰店
",等更多商家,139.00,2.2万笔,523867939966,
"
haier海尔朋乐专卖店
",等更多商家,119.00,9408笔,523354390833,
"
小狗电器旗舰店
",等更多商家,799.00,1450笔,41320178520,
"
小狗电器旗舰店
",等更多商家,399.00,3705笔,7910579201,
"
韩夫人莱丰专卖店
",等更多商家,99.00,3.2万笔,521091111235,
"
亿力亿卡专卖店
",等更多商家,178.00,5601笔,521928990880,
"
小狗香橙专卖店
",等更多商家,399.00,2.1万笔,539037443614,
"
扬子华派专卖店
",等更多商家,99.80,1.2万笔,537682649966,
"
haier海尔东莱专卖店
",等更多商家,277.80,3830笔,528008547204,
"
小狗香橙专卖店
",等更多商家,199.00,5495笔,537315636988,
"
midea美的大美专卖店
",等更多商家,289.00,6191笔,534184475731,
"
飞利浦润氏专卖店
",等更多商家,999.00,2043笔,41593991088,
"
德尔玛旗舰店
",等更多商家,199.00,3232笔,546240150540,
"
杰诺旗舰店
",等更多商家,159.00,7869笔,44734736085,
"
韩夫人诺希专卖店
",等更多商家,169.00,7778笔,543397276600,
"
德力普电器专营店
",等更多商家,169.00,1.0万笔,37342757183,
"
苏泊尔天汇专卖店
",等更多商家,369.00,2754笔,532712220361,
"
德尔玛旗舰店
",等更多商家,99.80,4597笔,35676284269,
"
海尔生活电器专卖店
",等更多商家,339.00,3302笔,36255869963,
"
philips泰璞专卖店
",等更多商家,549.00,1468笔,40996775626,
"
地贝苏州专卖店
",等更多商家,499.00,1464笔,522088785497,
"
dyson戴森官方旗舰店
",等更多商家,4990.00,951笔,537174397861,
"
天猫超市
",等更多商家,119.00,5856笔,526211455203,
"
扬子华派专卖店
",等更多商家,79.80,2141笔,544559934252,
"
奥克斯丁丁专卖店
",等更多商家,79.90,1883笔,525791913984,
"
海尔生活家电旗舰店
",等更多商家,998.00,644笔,542330661733,
"
莱克米标专卖店
",等更多商家,749.00,670笔,20009441213,
"
亿力浙江专卖店
",等更多商家,109.00,2469笔,45277865475,
"
eup电器旗舰店
",等更多商家,499.00,481笔,546420931711,
"
haier海尔伊克美斯专卖店
",等更多商家,379.00,954笔,520102348237,
"
杰诺旗舰店
",等更多商家,329.00,1296笔,523221100491,
"
dyson戴森官方旗舰店
",等更多商家,4490.00,411笔,537061935969,
"
亿力亿卡专卖店
",等更多商家,149.00,911笔,540391003537,
"
eup爱普专卖店
",等更多商家,199.00,2569笔,553606821041,
"
享基电器专营店
",等更多商家,189.00,1445笔,527916914747,
"
dibea地贝祺骏专卖店
",等更多商家,299.00,3183笔,549175385097,
"
杰诺莫甘娜专卖店
",等更多商家,888.00,1137笔,545462702084,
"
midea美的大美专卖店
",等更多商家,399.00,2321笔,554634398540,
"
lexy莱克官方旗舰店
",等更多商家,2499.00,495笔,526390048024,
"
华联电器专营店
",等更多商家,199.00,1151笔,20065184928,
"
小狗蓝弧专卖店
",等更多商家,899.00,1274笔,551375103257,
"
韩夫人火爆虎专卖店
",等更多商家,99.00,2798笔,545138695216,
"
宝家丽超雯诺专卖店
",等更多商家,249.00,2594笔,546442209298,
"
lexy莱克官方旗舰店
",等更多商家,1899.00,408笔,530434938795,
"
杰诺清境专卖店
",等更多商家,409.00,681笔,535634019472,
"
韩夫人莱丰专卖店
",等更多商家,359.00,367笔,542662451567,
"
杰诺莫甘娜专卖店
",等更多商家,589.00,1361笔,37297251527,
"
志高妙之专卖店
",等更多商家,318.00,747笔,544540724615,
"
京华电器旗舰店
",等更多商家,1335.00,424笔,18919678243,
"
享基电器专营店
",等更多商家,238.00,149笔,555720250076,
"
飞利浦官方旗舰店
",等更多商家,799.00,639笔,535361270401,
"
路特电器专营店
",等更多商家,299.00,501笔,554130800842,
"
philips飞利浦流翔专卖店
",none,899.00,144笔,40884845161,
"
泰怡凯旗舰店
",none,1699.00,141笔,522998159999,
p_Name,p_Type,price,sellcount,ProductID,p_link
"
美的欧都专卖店
",等更多商家,369.00,1.3万笔,41696362194,
"
美的吸尘器旗舰店
",等更多商家,139.00,2.2万笔,523867939966,
"
haier海尔朋乐专卖店
",等更多商家,119.00,8660笔,523354390833,
"
小狗电器旗舰店
",等更多商家,799.00,1255笔,41320178520,
"
小狗电器旗舰店
",等更多商家,399.00,3688笔,7910579201,
"
韩夫人莱丰专卖店
",等更多商家,99.00,3.2万笔,521091111235,
"
亿力亿卡专卖店
",等更多商家,178.00,5619笔,521928990880,
"
小狗香橙专卖店
",等更多商家,399.00,2.2万笔,539037443614,
"
扬子华派专卖店
",等更多商家,99.80,1.1万笔,537682649966,
"
haier海尔东莱专卖店
",等更多商家,277.80,3836笔,528008547204,
"
小狗香橙专卖店
",等更多商家,199.00,5512笔,537315636988,
"
midea美的大美专卖店
",等更多商家,289.00,6281笔,534184475731,
"
飞利浦润氏专卖店
",等更多商家,999.00,2083笔,41593991088,
"
德尔玛旗舰店
",等更多商家,199.00,3255笔,546240150540,
"
杰诺旗舰店
",等更多商家,159.00,8232笔,44734736085,
"
韩夫人诺希专卖店
",等更多商家,169.00,8011笔,543397276600,
"
德力普电器专营店
",等更多商家,169.00,1.0万笔,37342757183,
"
苏泊尔天汇专卖店
",等更多商家,369.00,2673笔,532712220361,
"
德尔玛旗舰店
",等更多商家,99.80,4591笔,35676284269,
"
海尔生活电器专卖店
",等更多商家,339.00,3363笔,36255869963,
"
philips泰璞专卖店
",等更多商家,549.00,1377笔,40996775626,
"
地贝苏州专卖店
",等更多商家,499.00,1451笔,522088785497,
"
dyson戴森官方旗舰店
",等更多商家,4990.00,872笔,537174397861,
"
天猫超市
",等更多商家,119.00,4953笔,526211455203,
"
扬子华派专卖店
",等更多商家,79.80,2153笔,544559934252,
"
奥克斯丁丁专卖店
",等更多商家,79.90,1871笔,525791913984,
"
海尔生活家电旗舰店
",等更多商家,998.00,648笔,542330661733,
"
莱克米标专卖店
",等更多商家,749.00,693笔,20009441213,
"
亿力浙江专卖店
",等更多商家,109.00,2419笔,45277865475,
"
eup电器旗舰店
",等更多商家,499.00,474笔,546420931711,
"
haier海尔伊克美斯专卖店
",等更多商家,379.00,949笔,520102348237,
"
杰诺旗舰店
",等更多商家,329.00,1634笔,523221100491,
"
dyson戴森官方旗舰店
",等更多商家,4490.00,421笔,537061935969,
"
亿力亿卡专卖店
",等更多商家,149.00,981笔,540391003537,
"
eup爱普专卖店
",等更多商家,199.00,2619笔,553606821041,
"
享基电器专营店
",等更多商家,189.00,971笔,527916914747,
"
dibea地贝祺骏专卖店
",等更多商家,299.00,3101笔,549175385097,
"
杰诺莫甘娜专卖店
",等更多商家,888.00,1127笔,545462702084,
"
midea美的大美专卖店
",等更多商家,399.00,2402笔,554634398540,
"
lexy莱克官方旗舰店
",等更多商家,2499.00,390笔,526390048024,
"
华联电器专营店
",等更多商家,199.00,1040笔,20065184928,
"
小狗蓝弧专卖店
",等更多商家,899.00,1152笔,551375103257,
"
韩夫人火爆虎专卖店
",等更多商家,99.00,2625笔,545138695216,
"
宝家丽超雯诺专卖店
",等更多商家,249.00,2584笔,546442209298,
"
lexy莱克官方旗舰店
",等更多商家,1899.00,404笔,530434938795,
"
杰诺清境专卖店
",等更多商家,409.00,1笔,535634019472,
"
韩夫人莱丰专卖店
",等更多商家,359.00,357笔,542662451567,
"
杰诺莫甘娜专卖店
",等更多商家,589.00,852笔,37297251527,
"
志高妙之专卖店
",等更多商家,318.00,747笔,544540724615,
"
京华电器旗舰店
",等更多商家,1335.00,424笔,18919678243,
"
享基电器专营店
",等更多商家,238.00,176笔,555720250076,
"
飞利浦官方旗舰店
",等更多商家,799.00,673笔,535361270401,
"
路特电器专营店
",等更多商家,299.00,521笔,554130800842,
"
philips飞利浦流翔专卖店
",none,899.00,151笔,40884845161,
"
泰怡凯旗舰店
",none,1699.00,151笔,522998159999,
p_Name,p_Type,price,sellcount,ProductID,p_link
"
美的欧都专卖店
",等更多商家,369.00,1.3万笔,41696362194,
"
haier海尔朋乐专卖店
",等更多商家,119.00,9408笔,523354390833,
"
小狗电器旗舰店
",等更多商家,799.00,1450笔,41320178520,
"
小狗电器旗舰店
",等更多商家,399.00,3705笔,7910579201,
"
韩夫人莱丰专卖店
",等更多商家,99.00,3.2万笔,521091111235,
"
亿力亿卡专卖店
",等更多商家,178.00,5601笔,521928990880,
"
小狗香橙专卖店
",等更多商家,399.00,2.1万笔,539037443614,
"
扬子华派专卖店
",等更多商家,99.80,1.2万笔,537682649966,
"
haier海尔东莱专卖店
",等更多商家,277.80,3830笔,528008547204,
"
小狗香橙专卖店
",等更多商家,199.00,5495笔,537315636988,
"
midea美的大美专卖店
",等更多商家,289.00,6191笔,534184475731,
"
飞利浦润氏专卖店
",等更多商家,999.00,2043笔,41593991088,
"
德尔玛旗舰店
",等更多商家,199.00,3232笔,546240150540,
"
杰诺旗舰店
",等更多商家,159.00,7869笔,44734736085,
"
韩夫人诺希专卖店
",等更多商家,169.00,7778笔,543397276600,
"
德力普电器专营店
",等更多商家,169.00,1.0万笔,37342757183,
"
苏泊尔天汇专卖店
",等更多商家,369.00,2754笔,532712220361,
"
德尔玛旗舰店
",等更多商家,99.80,4597笔,35676284269,
"
海尔生活电器专卖店
",等更多商家,339.00,3302笔,36255869963,
"
philips泰璞专卖店
",等更多商家,549.00,1468笔,40996775626,
"
地贝苏州专卖店
",等更多商家,499.00,1464笔,522088785497,
"
dyson戴森官方旗舰店
",等更多商家,4990.00,951笔,537174397861,
"
天猫超市
",等更多商家,119.00,5856笔,526211455203,
"
扬子华派专卖店
",等更多商家,79.80,2141笔,544559934252,
"
奥克斯丁丁专卖店
",等更多商家,79.90,1883笔,525791913984,
"
海尔生活家电旗舰店
",等更多商家,998.00,644笔,542330661733,
"
莱克米标专卖店
",等更多商家,749.00,670笔,20009441213,
"
亿力浙江专卖店
",等更多商家,109.00,2469笔,45277865475,
"
eup电器旗舰店
",等更多商家,499.00,481笔,546420931711,
"
haier海尔伊克美斯专卖店
",等更多商家,379.00,954笔,520102348237,
"
杰诺旗舰店
",等更多商家,329.00,1296笔,523221100491,
"
dyson戴森官方旗舰店
",等更多商家,4490.00,411笔,537061935969,
"
亿力亿卡专卖店
",等更多商家,149.00,911笔,540391003537,
"
eup爱普专卖店
",等更多商家,199.00,2569笔,553606821041,
"
享基电器专营店
",等更多商家,189.00,1445笔,527916914747,
"
dibea地贝祺骏专卖店
",等更多商家,299.00,3183笔,549175385097,
"
杰诺莫甘娜专卖店
",等更多商家,888.00,1137笔,545462702084,
"
midea美的大美专卖店
",等更多商家,399.00,2321笔,554634398540,
"
lexy莱克官方旗舰店
",等更多商家,2499.00,495笔,526390048024,
"
华联电器专营店
",等更多商家,199.00,1151笔,20065184928,
"
小狗蓝弧专卖店
",等更多商家,899.00,1274笔,551375103257,
"
韩夫人火爆虎专卖店
",等更多商家,99.00,2798笔,545138695216,
"
宝家丽超雯诺专卖店
",等更多商家,249.00,2594笔,546442209298,
"
lexy莱克官方旗舰店
",等更多商家,1899.00,408笔,530434938795,
"
杰诺清境专卖店
",等更多商家,409.00,681笔,535634019472,
"
韩夫人莱丰专卖店
",等更多商家,359.00,367笔,542662451567,
"
杰诺莫甘娜专卖店
",等更多商家,589.00,1361笔,37297251527,
"
志高妙之专卖店
",等更多商家,318.00,747笔,544540724615,
"
京华电器旗舰店
",等更多商家,1335.00,424笔,18919678243,
"
享基电器专营店
",等更多商家,238.00,149笔,555720250076,
"
飞利浦官方旗舰店
",等更多商家,799.00,639笔,535361270401,
"
路特电器专营店
",等更多商家,299.00,501笔,554130800842,
"
philips飞利浦流翔专卖店
",等更多商家,899.00,144笔,40884845161,
"
泰怡凯旗舰店
",none,1699.00,141笔,522998159999,
"
信社浦申专卖店
",none,499.00,1265笔,527665882465,
p_Name,p_Type,price,sellcount,ProductID,p_link
"
美的欧都专卖店
",等更多商家,369.00,1.3万笔,41696362194,
"
haier海尔朋乐专卖店
",等更多商家,119.00,9408笔,523354390833,
"
小狗电器旗舰店
",等更多商家,799.00,1450笔,41320178520,
"
小狗电器旗舰店
",等更多商家,399.00,3705笔,7910579201,
"
韩夫人莱丰专卖店
",等更多商家,99.00,3.2万笔,521091111235,
"
亿力亿卡专卖店
",等更多商家,178.00,5601笔,521928990880,
"
小狗香橙专卖店
",等更多商家,399.00,2.1万笔,539037443614,
"
扬子华派专卖店
",等更多商家,99.80,1.2万笔,537682649966,
"
haier海尔东莱专卖店
",等更多商家,277.80,3830笔,528008547204,
"
小狗香橙专卖店
",等更多商家,199.00,5495笔,537315636988,
"
midea美的大美专卖店
",等更多商家,289.00,6191笔,534184475731,
"
飞利浦润氏专卖店
",等更多商家,999.00,2043笔,41593991088,
"
德尔玛旗舰店
",等更多商家,199.00,3232笔,546240150540,
"
杰诺旗舰店
",等更多商家,159.00,7869笔,44734736085,
"
韩夫人诺希专卖店
",等更多商家,169.00,7778笔,543397276600,
"
德力普电器专营店
",等更多商家,169.00,1.0万笔,37342757183,
"
苏泊尔天汇专卖店
",等更多商家,369.00,2754笔,532712220361,
"
德尔玛旗舰店
",等更多商家,99.80,4597笔,35676284269,
"
海尔生活电器专卖店
",等更多商家,339.00,3302笔,36255869963,
"
philips泰璞专卖店
",等更多商家,549.00,1468笔,40996775626,
"
地贝苏州专卖店
",等更多商家,499.00,1464笔,522088785497,
"
dyson戴森官方旗舰店
",等更多商家,4990.00,951笔,537174397861,
"
天猫超市
",等更多商家,119.00,5856笔,526211455203,
"
扬子华派专卖店
",等更多商家,79.80,2141笔,544559934252,
"
奥克斯丁丁专卖店
",等更多商家,79.90,1883笔,525791913984,
"
海尔生活家电旗舰店
",等更多商家,998.00,644笔,542330661733,
"
莱克米标专卖店
",等更多商家,749.00,670笔,20009441213,
"
亿力浙江专卖店
",等更多商家,109.00,2469笔,45277865475,
"
eup电器旗舰店
",等更多商家,499.00,481笔,546420931711,
"
haier海尔伊克美斯专卖店
",等更多商家,379.00,954笔,520102348237,
"
杰诺旗舰店
",等更多商家,329.00,1296笔,523221100491,
"
dyson戴森官方旗舰店
",等更多商家,4490.00,411笔,537061935969,
"
亿力亿卡专卖店
",等更多商家,149.00,911笔,540391003537,
"
eup爱普专卖店
",等更多商家,199.00,2569笔,553606821041,
"
享基电器专营店
",等更多商家,189.00,1445笔,527916914747,
"
dibea地贝祺骏专卖店
",等更多商家,299.00,3183笔,549175385097,
"
杰诺莫甘娜专卖店
",等更多商家,888.00,1137笔,545462702084,
"
midea美的大美专卖店
",等更多商家,399.00,2321笔,554634398540,
"
lexy莱克官方旗舰店
",等更多商家,2499.00,495笔,526390048024,
"
华联电器专营店
",等更多商家,199.00,1151笔,20065184928,
"
小狗蓝弧专卖店
",等更多商家,899.00,1274笔,551375103257,
"
韩夫人火爆虎专卖店
",等更多商家,99.00,2798笔,545138695216,
"
宝家丽超雯诺专卖店
",等更多商家,249.00,2594笔,546442209298,
"
lexy莱克官方旗舰店
",等更多商家,1899.00,408笔,530434938795,
"
杰诺清境专卖店
",等更多商家,409.00,681笔,535634019472,
"
韩夫人莱丰专卖店
",等更多商家,359.00,367笔,542662451567,
"
杰诺莫甘娜专卖店
",等更多商家,589.00,1361笔,37297251527,
"
志高妙之专卖店
",等更多商家,318.00,747笔,544540724615,
"
京华电器旗舰店
",等更多商家,1335.00,424笔,18919678243,
"
享基电器专营店
",等更多商家,238.00,149笔,555720250076,
"
飞利浦官方旗舰店
",等更多商家,799.00,639笔,535361270401,
"
路特电器专营店
",等更多商家,299.00,501笔,554130800842,
"
philips飞利浦流翔专卖店
",等更多商家,899.00,144笔,40884845161,
"
泰怡凯旗舰店
",none,1699.00,141笔,522998159999,
"
信社浦申专卖店
",none,499.00,1265笔,527665882465,
"
信社浦申专卖店
",等更多商家,499.00,1265笔,527665882465,
"
华联电器专营店
",等更多商家,449.00,6笔,529745529982,
"
vorwerk福维克旗舰店
",等更多商家,5380.00,150笔,536777154199,
"
飞利浦官方旗舰店
",等更多商家,469.00,203笔,45212018502,
"
华联电器专营店
",等更多商家,449.00,294笔,529745529982,
"
鑫爱家旗舰店
",等更多商家,299.00,1619笔,544504300462,
"
vorwerk福维克旗舰店
",等更多商家,5380.00,144笔,536777154199,
"
美的官方旗舰店
",等更多商家,139.00,2.2万笔,37860197607,
"
飞利浦官方旗舰店
",等更多商家,469.00,213笔,45212018502,
"
鑫爱家旗舰店
",等更多商家,299.00,1619笔,544504300462,
"
华联电器专营店
",等更多商家,449.00,353笔,529745529982,
"
奥克斯超森专卖店
",等更多商家,149.00,1550笔,549499714026,
"
ope旗舰店
",等更多商家,378.00,220笔,15901028200,
"
vorwerk福维克旗舰店
",等更多商家,5380.00,144笔,536777154199,
"
haier海尔东莱专卖店
",等更多商家,298.00,5390笔,527591632067,
"
midea美的泽蓝专卖店
",等更多商家,339.00,544笔,529003514184,
"
美的官方旗舰店
",等更多商家,139.00,2.2万笔,37860197607,
"
奥克斯超森专卖店
",等更多商家,149.00,269笔,549499714026,
"
飞利浦官方旗舰店
",等更多商家,469.00,203笔,45212018502,
"
鑫爱家旗舰店
",等更多商家,299.00,1831笔,544504300462,
"
华联电器专营店
",等更多商家,449.00,353笔,529745529982,
"
韩夫人酷比专卖店
",等更多商家,299.00,392笔,553215234213,
"
美的聚爱轩专卖店
",等更多商家,399.00,838笔,549411593046,
"
philips飞浦专卖店
",等更多商家,299.00,875笔,526058452885,
"
haier海尔东莱专卖店
",等更多商家,298.00,673笔,527591632067,
"
ope旗舰店
",等更多商家,378.00,215笔,15901028200,
"
美的官方旗舰店
",等更多商家,139.00,2.2万笔,37860197607,
"
vorwerk福维克旗舰店
",等更多商家,5380.00,144笔,536777154199,
"
飞利浦官方旗舰店
",等更多商家,469.00,203笔,45212018502,
"
philips飞利浦流翔专卖店
",等更多商家,299.00,875笔,44760258790,
"
飞利浦润氏专卖店
",等更多商家,1599.00,737笔,520890465678,
"
midea美的泽蓝专卖店
",等更多商家,339.00,508笔,529003514184,
"
韩夫人酷比专卖店
",等更多商家,299.00,336笔,553215234213,
"
奥克斯超森专卖店
",等更多商家,149.00,1567笔,549499714026,
"
philips飞浦专卖店
",等更多商家,299.00,882笔,526058452885,
"
鑫爱家旗舰店
",等更多商家,299.00,1831笔,544504300462,
"
ope旗舰店
",等更多商家,378.00,215笔,15901028200,
"
华联电器专营店
",等更多商家,449.00,294笔,529745529982,
"
松下上琨专卖店
",等更多商家,999.00,499笔,45454613307,
"
泰怡凯旗舰店
",等更多商家,2599.00,149笔,547653053965,
"
美的聚爱轩专卖店
",等更多商家,399.00,833笔,549411593046,
"
飞利浦润氏专卖店
",等更多商家,1599.00,814笔,520890465678,
"
haier海尔东莱专卖店
",等更多商家,298.00,1233笔,527591632067,
"
midea美的泽蓝专卖店
",等更多商家,339.00,537笔,529003514184,
"
美的官方旗舰店
",等更多商家,139.00,2.2万笔,37860197607,
"
奥克斯超森专卖店
",等更多商家,149.00,1567笔,549499714026,
"
vorwerk福维克旗舰店
",等更多商家,5380.00,144笔,536777154199,
"
荣事达金泉专卖店
",等更多商家,129.00,3874笔,553359681999,
"
松下上琨专卖店
",等更多商家,999.00,492笔,45454613307,
"
韩夫人酷比专卖店
",等更多商家,299.00,418笔,553215234213,
"
philips飞浦专卖店
",等更多商家,299.00,882笔,526058452885,
"
haier海尔东莱专卖店
",等更多商家,298.00,1233笔,527591632067,
"
飞利浦官方旗舰店
",等更多商家,469.00,213笔,45212018502,
"
华联电器专营店
",等更多商家,449.00,294笔,529745529982,
"
信社旗舰店
",等更多商家,699.00,1036笔,531387871169,
"
宝家丽贝多专卖店
",等更多商家,149.00,343笔,525834342012,
"
泰怡凯旗舰店
",等更多商家,2599.00,153笔,547653053965,
"
荣事达金泉专卖店
",等更多商家,129.00,3926笔,553359681999,
"
美的聚爱轩专卖店
",等更多商家,399.00,892笔,549411593046,
"
飞利浦润氏专卖店
",等更多商家,1599.00,797笔,520890465678,
"
midea美的泽蓝专卖店
",等更多商家,339.00,537笔,529003514184,
"
韩夫人酷比专卖店
",等更多商家,299.00,418笔,553215234213,
"
鑫爱家旗舰店
",等更多商家,299.00,1619笔,544504300462,
"
ope旗舰店
",等更多商家,378.00,220笔,15901028200,
"
vorwerk福维克旗舰店
",等更多商家,5380.00,144笔,536777154199,
"
德力普电器专营店
",等更多商家,289.00,502笔,525301506182,
"
欧圣电器旗舰店
",等更多商家,149.00,506笔,541022883914,
"
信社旗舰店
",等更多商家,699.00,1042笔,531387871169,
"
宝家丽贝多专卖店
",等更多商家,149.00,101笔,525834342012,
"
松下上琨专卖店
",等更多商家,999.00,490笔,45454613307,
"
泰怡凯旗舰店
",等更多商家,2599.00,153笔,547653053965,
"
美的聚爱轩专卖店
",等更多商家,399.00,892笔,549411593046,
"
飞利浦润氏专卖店
",等更多商家,1599.00,797笔,520890465678,
"
美的官方旗舰店
",等更多商家,139.00,2.2万笔,37860197607,
"
飞利浦官方旗舰店
",等更多商家,469.00,213笔,45212018502,
"
midea美的恒荣昌专卖店
",等更多商家,899.00,245笔,527953705339,
"
康庄电器专营店
",等更多商家,348.00,491笔,39483504114,
"
德力普电器专营店
",等更多商家,289.00,413笔,525301506182,
"
荣事达金泉专卖店
",等更多商家,129.00,3926笔,553359681999,
"
信社旗舰店
",等更多商家,699.00,1058笔,531387871169,
"
松下上琨专卖店
",等更多商家,999.00,490笔,45454613307,
"
泰怡凯旗舰店
",等更多商家,2599.00,153笔,547653053965,
"
奥克斯超森专卖店
",等更多商家,149.00,269笔,549499714026,
"
philips飞浦专卖店
",等更多商家,299.00,875笔,526058452885,
"
鑫爱家旗舰店
",等更多商家,299.00,1619笔,544504300462,
"
韩夫人子曰专卖店
",等更多商家,259.00,374笔,547223524449,
"
karcher凯驰上琨专卖店
",等更多商家,749.00,203笔,525892326108,
"
欧圣电器旗舰店
",等更多商家,149.00,506笔,541022883914,
"
midea美的恒荣昌专卖店
",等更多商家,899.00,79笔,527953705339,
"
宝家丽贝多专卖店
",等更多商家,149.00,471笔,525834342012,
"
德力普电器专营店
",等更多商家,289.00,779笔,525301506182,
"
荣事达金泉专卖店
",等更多商家,129.00,3926笔,553359681999,
"
信社旗舰店
",等更多商家,699.00,1058笔,531387871169,
"
haier海尔东莱专卖店
",等更多商家,298.00,673笔,527591632067,
"
midea美的泽蓝专卖店
",等更多商家,339.00,508笔,529003514184,
"
ope旗舰店
",等更多商家,378.00,220笔,15901028200,
"
ope旗舰店
",等更多商家,378.00,220笔,15901028200,
"
康庄电器专营店
",等更多商家,348.00,491笔,39483504114,
"
韩夫人子曰专卖店
",等更多商家,259.00,380笔,547223524449,
"
欧圣电器旗舰店
",等更多商家,149.00,512笔,541022883914,
"
midea美的恒荣昌专卖店
",等更多商家,899.00,246笔,527953705339,
"
宝家丽贝多专卖店
",等更多商家,149.00,471笔,525834342012,
"
德力普电器专营店
",等更多商家,289.00,779笔,525301506182,
"
韩夫人酷比专卖店
",等更多商家,299.00,336笔,553215234213,
"
美的聚爱轩专卖店
",等更多商家,399.00,833笔,549411593046,
"
美的官方旗舰店
",等更多商家,139.00,2.2万笔,37860197607,
"
奥克斯超森专卖店
",等更多商家,149.00,269笔,549499714026,
"
小狗电器旗舰店
",等更多商家,1899.00,654笔,546445773212,
"
karcher凯驰上琨专卖店
",等更多商家,749.00,179笔,525892326108,
"
伊莱克斯家美佳专卖店
",等更多商家,699.00,138笔,42526183914,
"
康庄电器专营店
",等更多商家,348.00,485笔,39483504114,
"
韩夫人子曰专卖店
",等更多商家,259.00,422笔,547223524449,
"
欧圣电器旗舰店
",等更多商家,149.00,512笔,541022883914,
"
midea美的恒荣昌专卖店
",等更多商家,899.00,246笔,527953705339,
"
飞利浦润氏专卖店
",等更多商家,1599.00,814笔,520890465678,
"
松下上琨专卖店
",等更多商家,999.00,492笔,45454613307,
"
philips飞浦专卖店
",等更多商家,299.00,875笔,526058452885,
"
haier海尔东莱专卖店
",等更多商家,298.00,673笔,527591632067,
"
小狗电器旗舰店
",等更多商家,599.00,657笔,44783878424,
"
dyson戴森官方旗舰店
",等更多商家,3690.00,673笔,548452717637,
"
小狗电器旗舰店
",等更多商家,1899.00,679笔,546445773212,
"
小狗电器旗舰店
",等更多商家,599.00,651笔,44783878424,
"
karcher凯驰上琨专卖店
",等更多商家,749.00,205笔,525892326108,
"
康庄电器专营店
",等更多商家,348.00,485笔,39483504114,
"
韩夫人子曰专卖店
",等更多商家,259.00,422笔,547223524449,
"
泰怡凯旗舰店
",等更多商家,2599.00,153笔,547653053965,
"
荣事达金泉专卖店
",等更多商家,129.00,3926笔,553359681999,
"
midea美的泽蓝专卖店
",等更多商家,339.00,508笔,529003514184,
"
dyson戴森官方旗舰店
",等更多商家,2590.00,1015笔,548476118421,
"
亿力浙江专卖店
",等更多商家,209.00,542笔,39359141697,
"
dyson戴森官方旗舰店
",等更多商家,3690.00,626笔,548452717637,
"
dyson戴森官方旗舰店
",等更多商家,2590.00,984笔,548476118421,
"
伊莱克斯家美佳专卖店
",等更多商家,699.00,148笔,42526183914,
"
小狗电器旗舰店
",等更多商家,1899.00,685笔,546445773212,
"
karcher凯驰上琨专卖店
",等更多商家,749.00,205笔,525892326108,
"
伊莱克斯家美佳专卖店
",等更多商家,699.00,148笔,42526183914,
"
信社旗舰店
",等更多商家,699.00,1042笔,531387871169,
"
宝家丽贝多专卖店
",等更多商家,149.00,101笔,525834342012,
"
韩夫人酷比专卖店
",等更多商家,299.00,336笔,553215234213,
"
飞利浦润氏专卖店
",等更多商家,1899.00,76笔,43817794326,
"
杰诺旗舰店
",等更多商家,2569.00,14笔,12854379206,
"
亿力浙江专卖店
",等更多商家,209.00,38笔,39359141697,
"
扬子华派专卖店
",等更多商家,159.00,287笔,539746476338,
"
小狗电器旗舰店
",等更多商家,599.00,777笔,44783878424,
"
dyson戴森官方旗舰店
",等更多商家,3690.00,712笔,548452717637,
"
小狗电器旗舰店
",等更多商家,1899.00,685笔,546445773212,
"
小狗电器旗舰店
",等更多商家,599.00,777笔,44783878424,
"
德力普电器专营店
",等更多商家,289.00,413笔,525301506182,
"
美的聚爱轩专卖店
",等更多商家,399.00,833笔,549411593046,
"
信社浦申专卖店
",等更多商家,499.00,1265笔,527665882465,
"
信社浦申专卖店
",等更多商家,499.00,1265笔,527665882465,
"
philips泰璞专卖店
",等更多商家,1499.00,368笔,525380536368,
"
京华电器旗舰店
",等更多商家,568.00,186笔,21182991539,
"
飞利浦润氏专卖店
",等更多商家,1899.00,77笔,43817794326,
"
杰诺旗舰店
",等更多商家,2569.00,14笔,12854379206,
"
dyson戴森官方旗舰店
",等更多商家,2590.00,984笔,548476118421,
"
亿力浙江专卖店
",等更多商家,209.00,536笔,39359141697,
"
dyson戴森官方旗舰店
",等更多商家,3690.00,712笔,548452717637,
"
dyson戴森官方旗舰店
",等更多商家,2590.00,984笔,548476118421,
"
欧圣电器旗舰店
",等更多商家,149.00,506笔,541022883914,
"
midea美的恒荣昌专卖店
",等更多商家,899.00,79笔,527953705339,
"
飞利浦润氏专卖店
",等更多商家,1599.00,814笔,520890465678,
"
华联电器专营店
",等更多商家,449.00,6笔,529745529982,
"
vorwerk福维克旗舰店
",等更多商家,5380.00,150笔,536777154199,
"
华联电器专营店
",等更多商家,449.00,6笔,529745529982,
"
vorwerk福维克旗舰店
",等更多商家,5380.00,150笔,536777154199,
"
伊莱克斯家美佳专卖店
",等更多商家,699.00,138笔,42526183914,
"
欧圣电器旗舰店
",等更多商家,169.00,242笔,524628791038,
"
杰诺旗舰店
",等更多商家,1969.00,4笔,553388147504,
"
philips泰璞专卖店
",等更多商家,1499.00,363笔,525380536368,
"
扬子华派专卖店
",等更多商家,159.00,308笔,539746476338,
"
飞利浦润氏专卖店
",等更多商家,1899.00,104笔,43817794326,
"
亿力浙江专卖店
",等更多商家,209.00,536笔,39359141697,
"
扬子华派专卖店
",等更多商家,159.00,308笔,539746476338,
"
康庄电器专营店
",等更多商家,348.00,491笔,39483504114,
"
韩夫人子曰专卖店
",等更多商家,259.00,380笔,547223524449,
"
松下上琨专卖店
",等更多商家,999.00,492笔,45454613307,
"
飞利浦官方旗舰店
",等更多商家,469.00,203笔,45212018502,
"
鑫爱家旗舰店
",等更多商家,299.00,1619笔,544504300462,
"
飞利浦官方旗舰店
",等更多商家,469.00,203笔,45212018502,
"
鑫爱家旗舰店
",等更多商家,299.00,1619笔,544504300462,
"
lexy莱克希友购专卖店
",等更多商家,999.00,130笔,523019132275,
"
杰诺旗舰店
",等更多商家,1969.00,4笔,553388147504,
"
信社浦申专卖店
",等更多商家,499.00,352笔,527665882465,
"
京华电器旗舰店
",等更多商家,568.00,186笔,21182991539,
"
杰诺旗舰店
",等更多商家,2569.00,193笔,12854379206,
"
杰诺旗舰店
",等更多商家,1969.00,663笔,553388147504,
"
飞利浦润氏专卖店
",等更多商家,1899.00,104笔,43817794326,
"
杰诺旗舰店
",等更多商家,2569.00,193笔,12854379206,
"
karcher凯驰上琨专卖店
",等更多商家,749.00,179笔,525892326108,
"
伊莱克斯家美佳专卖店
",等更多商家,699.00,138笔,42526183914,
"
华联电器专营店
",等更多商家,449.00,294笔,529745529982,
"
华联电器专营店
",等更多商家,449.00,353笔,529745529982,
"
泰怡凯旗舰店
",等更多商家,2599.00,153笔,547653053965,
"
美的官方旗舰店
",等更多商家,139.00,2.2万笔,37860197607,
"
奥克斯超森专卖店
",等更多商家,149.00,1550笔,549499714026,
"
美的官方旗舰店
",等更多商家,139.00,2.2万笔,37860197607,
"
奥克斯超森专卖店
",等更多商家,149.00,1550笔,549499714026,
"
韩夫人诺希专卖店
",等更多商家,299.00,192笔,522654953805,
"
松下康威专卖店
",等更多商家,1799.00,161笔,546809611196,
"
欧圣电器旗舰店
",等更多商家,169.00,242笔,524628791038,
"
lexy莱克希友购专卖店
",等更多商家,999.00,132笔,523019132275,
"
philips泰璞专卖店
",等更多商家,1499.00,366笔,525380536368,
"
信社浦申专卖店
",等更多商家,499.00,353笔,527665882465,
"
杰诺旗舰店
",等更多商家,1969.00,663笔,553388147504,
"
philips泰璞专卖店
",等更多商家,1499.00,366笔,525380536368,
"
小狗电器旗舰店
",等更多商家,1899.00,679笔,546445773212,
"
小狗电器旗舰店
",等更多商家,599.00,651笔,44783878424,
"
vorwerk福维克旗舰店
",等更多商家,5380.00,144笔,536777154199,
"
飞利浦官方旗舰店
",等更多商家,469.00,213笔,45212018502,
"
vorwerk福维克旗舰店
",等更多商家,5380.00,144笔,536777154199,
"
飞利浦官方旗舰店
",等更多商家,469.00,203笔,45212018502,
"
信社浦申专卖店
",等更多商家,499.00,1265笔,527665882465,
"
荣事达金泉专卖店
",等更多商家,129.00,3926笔,553359681999,
"
信社旗舰店
",等更多商家,699.00,1042笔,531387871169,
"
haier海尔东莱专卖店
",等更多商家,298.00,5390笔,527591632067,
"
midea美的泽蓝专卖店
",等更多商家,339.00,544笔,529003514184,
"
haier海尔东莱专卖店
",等更多商家,298.00,5390笔,527591632067,
"
midea美的泽蓝专卖店
",等更多商家,339.00,544笔,529003514184,
"
lexy莱克官方旗舰店
",等更多商家,849.00,21笔,43970877454,
"
天猫超市
",等更多商家,399.00,176笔,538823661097,
"
韩夫人诺希专卖店
",等更多商家,299.00,192笔,522654953805,
"
鑫爱家爱洁雅专卖店
",等更多商家,499.00,484笔,540014033737,
"
京华电器旗舰店
",等更多商家,568.00,181笔,21182991539,
"
欧圣电器旗舰店
",等更多商家,169.00,248笔,524628791038,
"
信社浦申专卖店
",等更多商家,499.00,353笔,527665882465,
"
京华电器旗舰店
",等更多商家,568.00,181笔,21182991539,
"
dyson戴森官方旗舰店
",等更多商家,3690.00,626笔,548452717637,
"
鑫爱家旗舰店
",等更多商家,299.00,1619笔,544504300462,
"
ope旗舰店
",等更多商家,378.00,220笔,15901028200,
"
鑫爱家旗舰店
",等更多商家,299.00,1831笔,544504300462,
"
华联电器专营店
",等更多商家,449.00,6笔,529745529982,
"
宝家丽贝多专卖店
",等更多商家,149.00,101笔,525834342012,
"
韩夫人酷比专卖店
",等更多商家,299.00,392笔,553215234213,
"
韩夫人酷比专卖店
",等更多商家,299.00,392笔,553215234213,
"
美的聚爱轩专卖店
",等更多商家,399.00,838笔,549411593046,
"
杰诺宏奥专卖店
",等更多商家,1089.00,350笔,553186157781,
"
莱克家用电器专营店
",等更多商家,1499.00,193笔,544577406954,
"
松下康威专卖店
",等更多商家,1799.00,99笔,546809611196,
"
lexy莱克官方旗舰店
",等更多商家,849.00,21笔,43970877454,
"
lexy莱克希友购专卖店
",等更多商家,999.00,140笔,523019132275,
"
韩夫人诺希专卖店
",等更多商家,299.00,292笔,522654953805,
"
欧圣电器旗舰店
",等更多商家,169.00,248笔,524628791038,
"
lexy莱克希友购专卖店
",等更多商家,999.00,140笔,523019132275,
"
dyson戴森官方旗舰店
",等更多商家,2590.00,984笔,548476118421,
"
亿力浙江专卖店
",等更多商家,209.00,38笔,39359141697,
"
美的官方旗舰店
",等更多商家,139.00,2.2万笔,37860197607,
"
奥克斯超森专卖店
",等更多商家,149.00,269笔,549499714026,
"
ope旗舰店
",等更多商家,378.00,215笔,15901028200,
"
美的官方旗舰店
",等更多商家,139.00,2.2万笔,37860197607,
"
vorwerk福维克旗舰店
",等更多商家,5380.00,150笔,536777154199,
"
飞利浦官方旗舰店
",等更多商家,469.00,203笔,45212018502,
"
德力普电器专营店
",等更多商家,289.00,413笔,525301506182,
"
欧圣电器旗舰店
",等更多商家,149.00,506笔,541022883914,
"
美的聚爱轩专卖店
",等更多商家,399.00,838笔,549411593046,
"
philips飞利浦流翔专卖店
",等更多商家,299.00,875笔,44760258790,
"
philips飞利浦流翔专卖店
",等更多商家,299.00,875笔,44760258790,
"
飞利浦润氏专卖店
",等更多商家,1599.00,737笔,520890465678,
"
豆芽菜电器专营店
",等更多商家,179.00,1452笔,548103540074,
"
天猫超市
",等更多商家,299.00,97笔,538616781812,
"
天猫超市
",等更多商家,399.00,163笔,538823661097,
"
杰诺宏奥专卖店
",等更多商家,1089.00,134笔,553186157781,
"
鑫爱家爱洁雅专卖店
",等更多商家,499.00,489笔,540014033737,
"
松下康威专卖店
",等更多商家,1799.00,198笔,546809611196,
"
韩夫人诺希专卖店
",等更多商家,299.00,292笔,522654953805,
"
鑫爱家爱洁雅专卖店
",等更多商家,499.00,489笔,540014033737,
"
扬子华派专卖店
",等更多商家,159.00,287笔,539746476338,
"
飞利浦润氏专卖店
",等更多商家,1899.00,77笔,43817794326,
"
philips飞浦专卖店
",等更多商家,299.00,875笔,526058452885,
"
haier海尔东莱专卖店
",等更多商家,298.00,673笔,527591632067,
"
信社浦申专卖店
",等更多商家,499.00,1265笔,527665882465,
"
信社浦申专卖店
",等更多商家,499.00,1265笔,527665882465,
"
奥克斯超森专卖店
",等更多商家,149.00,1567笔,549499714026,
"
philips飞浦专卖店
",等更多商家,299.00,882笔,526058452885,
"
鑫爱家旗舰店
",等更多商家,299.00,1619笔,544504300462,
"
美的官方旗舰店
",等更多商家,139.00,2.2万笔,37860197607,
"
midea美的恒荣昌专卖店
",等更多商家,899.00,79笔,527953705339,
"
康庄电器专营店
",等更多商家,348.00,491笔,39483504114,
"
飞利浦润氏专卖店
",等更多商家,1599.00,737笔,520890465678,
"
松下上琨专卖店
",等更多商家,999.00,499笔,45454613307,
"
松下上琨专卖店
",等更多商家,999.00,499笔,45454613307,
"
泰怡凯旗舰店
",等更多商家,2599.00,149笔,547653053965,
"
lexy艾思玛特专卖店
",none,1699.00,156笔,551504263855,
"
飞利浦官方旗舰店
",none,299.00,211笔,520538844551,
"
莱克家用电器专营店
",等更多商家,1499.00,166笔,544577406954,
"
豆芽菜电器专营店
",none,179.00,1232笔,548103540074,
"
lexy莱克官方旗舰店
",等更多商家,849.00,277笔,43970877454,
"
天猫超市
",等更多商家,399.00,181笔,538823661097,
"
松下康威专卖店
",等更多商家,1799.00,198笔,546809611196,
"
lexy莱克官方旗舰店
",等更多商家,849.00,277笔,43970877454,
"
杰诺旗舰店
",等更多商家,2569.00,14笔,12854379206,
"
midea美的泽蓝专卖店
",等更多商家,339.00,508笔,529003514184,
"
韩夫人酷比专卖店
",等更多商家,299.00,336笔,553215234213,
"
华联电器专营店
",等更多商家,449.00,6笔,529745529982,
"
华联电器专营店
",等更多商家,449.00,6笔,529745529982,
"
haier海尔东莱专卖店
",等更多商家,298.00,1233笔,527591632067,
"
奥克斯超森专卖店
",等更多商家,149.00,1550笔,549499714026,
"
韩夫人子曰专卖店
",等更多商家,259.00,380笔,547223524449,
"
泰怡凯旗舰店
",等更多商家,2599.00,149笔,547653053965,
"
荣事达金泉专卖店
",等更多商家,129.00,3874笔,553359681999,
"
信社旗舰店
",等更多商家,699.00,1036笔,531387871169,
"
杰诺宏奥专卖店
",none,599.00,149笔,527084985367,
"
扬子华派专卖店
",none,159.00,287笔,539746476338,
"
天猫超市
",none,299.00,97笔,538616781812,
"
lexy艾思玛特专卖店
",none,1699.00,156笔,551504263855,
"
杰诺宏奥专卖店
",等更多商家,1089.00,835笔,553186157781,
"
莱克家用电器专营店
",等更多商家,1499.00,247笔,544577406954,
"
天猫超市
",等更多商家,399.00,181笔,538823661097,
"
杰诺宏奥专卖店
",等更多商家,1089.00,835笔,553186157781,
"
杰诺旗舰店
",等更多商家,1969.00,4笔,553388147504,
"
美的聚爱轩专卖店
",等更多商家,399.00,833笔,549411593046,
"
飞利浦润氏专卖店
",等更多商家,1599.00,814笔,520890465678,
"
vorwerk福维克旗舰店
",等更多商家,5380.00,150笔,536777154199,
"
飞利浦官方旗舰店
",等更多商家,469.00,203笔,45212018502,
"
vorwerk福维克旗舰店
",等更多商家,5380.00,150笔,536777154199,
"
飞利浦官方旗舰店
",等更多商家,469.00,203笔,45212018502,
"
midea美的泽蓝专卖店
",等更多商家,339.00,537笔,529003514184,
"
韩夫人酷比专卖店
",等更多商家,299.00,418笔,553215234213,
"
haier海尔东莱专卖店
",等更多商家,298.00,5390笔,527591632067,
"
karcher凯驰上琨专卖店
",等更多商家,749.00,179笔,525892326108,
"
荣事达金泉专卖店
",等更多商家,129.00,3874笔,553359681999,
"
宝家丽贝多专卖店
",等更多商家,149.00,343笔,525834342012,
"
德力普电器专营店
",等更多商家,289.00,502笔,525301506182,
"
松下上琨专卖店
",none,2199.00,102笔,538882079116,
"
lexy莱克官方旗舰店
",none,2299.00,168笔,527398209863,
"
飞利浦官方旗舰店
",none,299.00,397笔,520538844551,
"
松下上琨专卖店
",none,2199.00,103笔,538882079116,
"
豆芽菜电器专营店
",none,179.00,1453笔,548103540074,
"
莱克家用电器专营店
",等更多商家,1499.00,247笔,544577406954,
"
豆芽菜电器专营店
",none,179.00,1453笔,548103540074,
"
philips泰璞专卖店
",等更多商家,1499.00,363笔,525380536368,
"
松下上琨专卖店
",等更多商家,999.00,492笔,45454613307,
"
泰怡凯旗舰店
",等更多商家,2599.00,153笔,547653053965,
"
鑫爱家旗舰店
",等更多商家,299.00,1619笔,544504300462,
"
美的官方旗舰店
",等更多商家,139.00,2.2万笔,37860197607,
"
鑫爱家旗舰店
",等更多商家,299.00,1619笔,544504300462,
"
美的官方旗舰店
",等更多商家,139.00,2.2万笔,37860197607,
"
美的聚爱轩专卖店
",等更多商家,399.00,892笔,549411593046,
"
飞利浦润氏专卖店
",等更多商家,1599.00,797笔,520890465678,
"
midea美的泽蓝专卖店
",等更多商家,339.00,544笔,529003514184,
"
韩夫人酷比专卖店
",等更多商家,299.00,392笔,553215234213,
"
伊莱克斯家美佳专卖店
",等更多商家,699.00,138笔,42526183914,
"
信社旗舰店
",等更多商家,699.00,1036笔,531387871169,
"
宝家丽贝多专卖店
",等更多商家,149.00,343笔,525834342012,
"
欧圣电器旗舰店
",等更多商家,149.00,506笔,541022883914,
"
midea美的恒荣昌专卖店
",等更多商家,899.00,245笔,527953705339,
"
家宝风旗舰店
",none,109.00,324笔,524341892623,
"
美的官方旗舰店
",none,189.00,2422笔,536647772768,
"
杰诺宏奥专卖店
",none,599.00,149笔,527084985367,
"
lexy莱克官方旗舰店
",none,2299.00,132笔,527398209863,
"
天猫超市
",none,299.00,112笔,538616781812,
"
lexy艾思玛特专卖店
",none,1699.00,153笔,551504263855,
"
天猫超市
",none,299.00,112笔,538616781812,
"
信社浦申专卖店
",等更多商家,499.00,352笔,527665882465,
"
京华电器旗舰店
",等更多商家,568.00,186笔,21182991539,
"
荣事达金泉专卖店
",等更多商家,129.00,3926笔,553359681999,
"
信社旗舰店
",等更多商家,699.00,1042笔,531387871169,
"
奥克斯超森专卖店
",等更多商家,149.00,1550笔,549499714026,
"
haier海尔东莱专卖店
",等更多商家,298.00,5390笔,527591632067,
"
奥克斯超森专卖店
",等更多商家,149.00,1550笔,549499714026,
"
haier海尔东莱专卖店
",等更多商家,298.00,5390笔,527591632067,
"
松下上琨专卖店
",等更多商家,999.00,490笔,45454613307,
"
泰怡凯旗舰店
",等更多商家,2599.00,153笔,547653053965,
"
美的聚爱轩专卖店
",等更多商家,399.00,838笔,549411593046,
"
philips飞利浦流翔专卖店
",等更多商家,299.00,875笔,44760258790,
"
小狗电器旗舰店
",等更多商家,1899.00,679笔,546445773212,
"
小狗电器旗舰店
",等更多商家,599.00,651笔,44783878424,
"
德力普电器专营店
",等更多商家,289.00,502笔,525301506182,
"
欧圣电器旗舰店
",等更多商家,149.00,506笔,541022883914,
"
康庄电器专营店
",等更多商家,348.00,491笔,39483504114,
"
韩夫人子曰专卖店
",等更多商家,259.00,374笔,547223524449,
"
苏泊尔天汇专卖店
",none,699.00,182笔,555377366366,
"
家宝风旗舰店
",none,109.00,316笔,524341892623,
"
飞利浦官方旗舰店
",none,299.00,409笔,520538844551,
"
松下上琨专卖店
",none,2199.00,102笔,538882079116,
"
lexy艾思玛特专卖店
",none,1699.00,153笔,551504263855,
"
飞利浦官方旗舰店
",none,299.00,409笔,520538844551,
"
欧圣电器旗舰店
",等更多商家,169.00,242笔,524628791038,
"
lexy莱克希友购专卖店
",等更多商家,999.00,132笔,523019132275,
"
宝家丽贝多专卖店
",等更多商家,149.00,101笔,525834342012,
"
midea美的泽蓝专卖店
",等更多商家,339.00,544笔,529003514184,
"
韩夫人酷比专卖店
",等更多商家,299.00,392笔,553215234213,
"
midea美的泽蓝专卖店
",等更多商家,339.00,544笔,529003514184,
"
韩夫人酷比专卖店
",等更多商家,299.00,392笔,553215234213,
"
荣事达金泉专卖店
",等更多商家,129.00,3926笔,553359681999,
"
信社旗舰店
",等更多商家,699.00,1058笔,531387871169,
"
飞利浦润氏专卖店
",等更多商家,1599.00,737笔,520890465678,
"
松下上琨专卖店
",等更多商家,999.00,499笔,45454613307,
"
dyson戴森官方旗舰店
",等更多商家,3690.00,626笔,548452717637,
"
midea美的恒荣昌专卖店
",等更多商家,899.00,245笔,527953705339,
"
康庄电器专营店
",等更多商家,348.00,491笔,39483504114,
"
karcher凯驰上琨专卖店
",等更多商家,749.00,203笔,525892326108,
"
ope旗舰店
",等更多商家,378.00,220笔,15901028200,
"
京创电器专营店
",none,399.00,83笔,44799850018,
"
杰诺宏奥专卖店
",none,599.00,145笔,527084985367,
"
lexy莱克官方旗舰店
",none,2299.00,171笔,527398209863,
"
松下上琨专卖店
",none,2199.00,102笔,538882079116,
"
杰诺宏奥专卖店
",none,599.00,145笔,527084985367,
"
韩夫人诺希专卖店
",等更多商家,299.00,192笔,522654953805,
"
鑫爱家爱洁雅专卖店
",等更多商家,499.00,484笔,540014033737,
"
德力普电器专营店
",等更多商家,289.00,413笔,525301506182,
"
美的聚爱轩专卖店
",等更多商家,399.00,838笔,549411593046,
"
美的聚爱轩专卖店
",等更多商家,399.00,838笔,549411593046,
"
宝家丽贝多专卖店
",等更多商家,149.00,471笔,525834342012,
"
德力普电器专营店
",等更多商家,289.00,779笔,525301506182,
"
泰怡凯旗舰店
",等更多商家,2599.00,149笔,547653053965,
"
荣事达金泉专卖店
",等更多商家,129.00,3874笔,553359681999,
"
dyson戴森官方旗舰店
",等更多商家,2590.00,984笔,548476118421,
"
韩夫人子曰专卖店
",等更多商家,259.00,374笔,547223524449,
"
karcher凯驰上琨专卖店
",等更多商家,749.00,203笔,525892326108,
"
小狗电器旗舰店
",等更多商家,1899.00,654笔,546445773212,
"
小狗电器旗舰店
",等更多商家,599.00,657笔,44783878424,
"
家宝风旗舰店
",none,109.00,315笔,524341892623,
"
京创电器专营店
",none,399.00,95笔,44799850018,
"
lexy莱克官方旗舰店
",none,2299.00,171笔,527398209863,
"
家宝风旗舰店
",none,109.00,315笔,524341892623,
"
松下康威专卖店
",等更多商家,1799.00,99笔,546809611196,
"
lexy莱克官方旗舰店
",等更多商家,849.00,21笔,43970877454,
"
欧圣电器旗舰店
",等更多商家,149.00,506笔,541022883914,
"
midea美的恒荣昌专卖店
",等更多商家,899.00,79笔,527953705339,
"
philips飞利浦流翔专卖店
",等更多商家,299.00,875笔,44760258790,
"
飞利浦润氏专卖店
",等更多商家,1599.00,737笔,520890465678,
"
philips飞利浦流翔专卖店
",等更多商家,299.00,875笔,44760258790,
"
飞利浦润氏专卖店
",等更多商家,1599.00,737笔,520890465678,
"
欧圣电器旗舰店
",等更多商家,149.00,512笔,541022883914,
"
midea美的恒荣昌专卖店
",等更多商家,899.00,246笔,527953705339,
"
信社旗舰店
",等更多商家,699.00,1036笔,531387871169,
"
宝家丽贝多专卖店
",等更多商家,149.00,343笔,525834342012,
"
亿力浙江专卖店
",等更多商家,209.00,38笔,39359141697,
"
扬子华派专卖店
",等更多商家,159.00,287笔,539746476338,
"
ope旗舰店
",等更多商家,378.00,220笔,15901028200,
"
小狗电器旗舰店
",等更多商家,1899.00,654笔,546445773212,
"
dyson戴森官方旗舰店
",等更多商家,3690.00,673笔,548452717637,
"
dyson戴森官方旗舰店
",等更多商家,2590.00,1015笔,548476118421,
"
京创电器专营店
",none,399.00,95笔,44799850018,
"
天猫超市
",等更多商家,399.00,163笔,538823661097,
"
杰诺宏奥专卖店
",等更多商家,1089.00,134笔,553186157781,
"
康庄电器专营店
",等更多商家,348.00,491笔,39483504114,
"
韩夫人子曰专卖店
",等更多商家,259.00,380笔,547223524449,
"
松下上琨专卖店
",等更多商家,999.00,499笔,45454613307,
"
泰怡凯旗舰店
",等更多商家,2599.00,149笔,547653053965,
"
松下上琨专卖店
",等更多商家,999.00,499笔,45454613307,
"
泰怡凯旗舰店
",等更多商家,2599.00,149笔,547653053965,
"
康庄电器专营店
",等更多商家,348.00,485笔,39483504114,
"
韩夫人子曰专卖店
",等更多商家,259.00,422笔,547223524449,
"
德力普电器专营店
",等更多商家,289.00,502笔,525301506182,
"
欧圣电器旗舰店
",等更多商家,149.00,506笔,541022883914,
"
飞利浦润氏专卖店
",等更多商家,1899.00,77笔,43817794326,
"
小狗电器旗舰店
",等更多商家,599.00,657笔,44783878424,
"
dyson戴森官方旗舰店
",等更多商家,3690.00,673笔,548452717637,
"
亿力浙江专卖店
",等更多商家,209.00,542笔,39359141697,
"
飞利浦润氏专卖店
",等更多商家,1899.00,76笔,43817794326,
"
莱克家用电器专营店
",等更多商家,1499.00,166笔,544577406954,
"
karcher凯驰上琨专卖店
",等更多商家,749.00,179笔,525892326108,
"
伊莱克斯家美佳专卖店
",等更多商家,699.00,138笔,42526183914,
"
荣事达金泉专卖店
",等更多商家,129.00,3874笔,553359681999,
"
信社旗舰店
",等更多商家,699.00,1036笔,531387871169,
"
荣事达金泉专卖店
",等更多商家,129.00,3874笔,553359681999,
"
信社旗舰店
",等更多商家,699.00,1036笔,531387871169,
"
karcher凯驰上琨专卖店
",等更多商家,749.00,205笔,525892326108,
"
伊莱克斯家美佳专卖店
",等更多商家,699.00,148笔,42526183914,
"
midea美的恒荣昌专卖店
",等更多商家,899.00,245笔,527953705339,
"
康庄电器专营店
",等更多商家,348.00,491笔,39483504114,
"
杰诺旗舰店
",等更多商家,2569.00,14笔,12854379206,
"
dyson戴森官方旗舰店
",等更多商家,2590.00,1015笔,548476118421,
"
亿力浙江专卖店
",等更多商家,209.00,542笔,39359141697,
"
杰诺旗舰店
",等更多商家,2569.00,14笔,12854379206,
"
philips泰璞专卖店
",等更多商家,1499.00,368笔,525380536368,
"
美的官方旗舰店
",等更多商家,189.00,2224笔,536647772768,
"
美的官方旗舰店
",等更多商家,189.00,2224笔,536647772768,
"
豆芽菜电器专营店
",none,179.00,1232笔,548103540074,
"
小狗电器旗舰店
",等更多商家,1899.00,679笔,546445773212,
"
小狗电器旗舰店
",等更多商家,599.00,651笔,44783878424,
"
宝家丽贝多专卖店
",等更多商家,149.00,343笔,525834342012,
"
德力普电器专营店
",等更多商家,289.00,502笔,525301506182,
"
宝家丽贝多专卖店
",等更多商家,149.00,343笔,525834342012,
"
德力普电器专营店
",等更多商家,289.00,502笔,525301506182,
"
小狗电器旗舰店
",等更多商家,1899.00,685笔,546445773212,
"
小狗电器旗舰店
",等更多商家,599.00,777笔,44783878424,
"
韩夫人子曰专卖店
",等更多商家,259.00,374笔,547223524449,
"
karcher凯驰上琨专卖店
",等更多商家,749.00,203笔,525892326108,
"
杰诺旗舰店
",等更多商家,1969.00,4笔,553388147504,
"
飞利浦润氏专卖店
",等更多商家,1899.00,76笔,43817794326,
"
杰诺旗舰店
",等更多商家,2569.00,14笔,12854379206,
"
京华电器旗舰店
",等更多商家,568.00,186笔,21182991539,
"
伊莱克斯家美佳专卖店
",等更多商家,699.00,138笔,42526183914,
"
小狗香橙专卖店
",等更多商家,899.00,6笔,41396013209,
"
ope旗舰店
",等更多商家,370.00,164笔,43229142895,
"
小狗香橙专卖店
",等更多商家,899.00,6笔,41396013209,
"
ope旗舰店
",等更多商家,370.00,164笔,43229142895,
"
天猫超市
",none,299.00,97笔,538616781812,
"
dyson戴森官方旗舰店
",等更多商家,3690.00,626笔,548452717637,
"
欧圣电器旗舰店
",等更多商家,149.00,506笔,541022883914,
"
欧圣电器旗舰店
",等更多商家,149.00,506笔,541022883914,
"
midea美的恒荣昌专卖店
",等更多商家,899.00,245笔,527953705339,
"
dyson戴森官方旗舰店
",等更多商家,3690.00,712笔,548452717637,
"
dyson戴森官方旗舰店
",等更多商家,2590.00,984笔,548476118421,
"
ope旗舰店
",等更多商家,378.00,220笔,15901028200,
"
小狗电器旗舰店
",等更多商家,1899.00,654笔,546445773212,
"
philips泰璞专卖店
",等更多商家,1499.00,363笔,525380536368,
"
philips泰璞专卖店
",等更多商家,1499.00,368笔,525380536368,
"
京华电器旗舰店
",等更多商家,568.00,186笔,21182991539,
"
欧圣电器旗舰店
",等更多商家,169.00,242笔,524628791038,
"
lexy莱克希友购专卖店
",等更多商家,999.00,130笔,523019132275,
"
家宝风旗舰店
",等更多商家,349.00,196笔,537490743571,
"
松下颜港专卖店
",等更多商家,289.00,35笔,522810579249,
"
家宝风旗舰店
",等更多商家,349.00,196笔,537490743571,
"
松下颜港专卖店
",等更多商家,289.00,35笔,522810579249,
"
lexy艾思玛特专卖店
",none,1699.00,156笔,551504263855,
"
dyson戴森官方旗舰店
",等更多商家,2590.00,984笔,548476118421,
"
亿力浙江专卖店
",等更多商家,209.00,38笔,39359141697,
"
midea美的恒荣昌专卖店
",等更多商家,899.00,245笔,527953705339,
"
康庄电器专营店
",等更多商家,348.00,491笔,39483504114,
"
亿力浙江专卖店
",等更多商家,209.00,536笔,39359141697,
"
扬子华派专卖店
",等更多商家,159.00,308笔,539746476338,
"
小狗电器旗舰店
",等更多商家,599.00,657笔,44783878424,
"
dyson戴森官方旗舰店
",等更多商家,3690.00,673笔,548452717637,
"
信社浦申专卖店
",等更多商家,499.00,352笔,527665882465,
"
伊莱克斯家美佳专卖店
",等更多商家,699.00,138笔,42526183914,
"
欧圣电器旗舰店
",等更多商家,169.00,242笔,524628791038,
"
杰诺旗舰店
",等更多商家,1969.00,4笔,553388147504,
"
韩夫人诺希专卖店
",等更多商家,299.00,192笔,522654953805,
"
海尔生活电器专卖店
",等更多商家,398.00,238笔,44925954336,
"
philips金舜源专卖店
",等更多商家,579.00,19笔,538778309268,
"
海尔生活电器专卖店
",等更多商家,398.00,238笔,44925954336,
"
philips金舜源专卖店
",等更多商家,579.00,19笔,538778309268,
"
飞利浦官方旗舰店
",none,299.00,397笔,520538844551,
"
扬子华派专卖店
",等更多商家,159.00,287笔,539746476338,
"
飞利浦润氏专卖店
",等更多商家,1899.00,77笔,43817794326,
"
康庄电器专营店
",等更多商家,348.00,491笔,39483504114,
"
韩夫人子曰专卖店
",等更多商家,259.00,374笔,547223524449,
"
韩夫人子曰专卖店
",等更多商家,259.00,374笔,547223524449,
"
karcher凯驰上琨专卖店
",等更多商家,749.00,203笔,525892326108,
"
飞利浦润氏专卖店
",等更多商家,1899.00,104笔,43817794326,
"
杰诺旗舰店
",等更多商家,2569.00,193笔,12854379206,
"
dyson戴森官方旗舰店
",等更多商家,2590.00,1015笔,548476118421,
"
亿力浙江专卖店
",等更多商家,209.00,542笔,39359141697,
"
京华电器旗舰店
",等更多商家,568.00,186笔,21182991539,
"
lexy莱克希友购专卖店
",等更多商家,999.00,130笔,523019132275,
"
杰诺旗舰店
",等更多商家,1969.00,4笔,553388147504,
"
松下康威专卖店
",等更多商家,1799.00,161笔,546809611196,
"
lexy莱克官方旗舰店
",等更多商家,849.00,21笔,43970877454,
"
philips泰璞专卖店
",等更多商家,1099.00,89笔,527105696823,
"
vacmaster旗舰店
",等更多商家,899.00,234笔,547030167278,
"
philips泰璞专卖店
",等更多商家,1099.00,89笔,527105696823,
"
vacmaster旗舰店
",等更多商家,899.00,234笔,547030167278,
"
松下上琨专卖店
",none,2199.00,103笔,538882079116,
"
杰诺宏奥专卖店
",none,599.00,149笔,527084985367,
"
杰诺旗舰店
",等更多商家,2569.00,14笔,12854379206,
"
杰诺旗舰店
",等更多商家,1969.00,4笔,553388147504,
"
karcher凯驰上琨专卖店
",等更多商家,749.00,203笔,525892326108,
"
ope旗舰店
",等更多商家,378.00,220笔,15901028200,
"
杰诺旗舰店
",等更多商家,1969.00,663笔,553388147504,
"
philips泰璞专卖店
",等更多商家,1499.00,366笔,525380536368,
"
飞利浦润氏专卖店
",等更多商家,1899.00,76笔,43817794326,
"
杰诺旗舰店
",等更多商家,2569.00,14笔,12854379206,
"
欧圣电器旗舰店
",等更多商家,169.00,242笔,524628791038,
"
韩夫人诺希专卖店
",等更多商家,299.00,192笔,522654953805,
"
松下康威专卖店
",等更多商家,1799.00,161笔,546809611196,
"
天猫超市
",等更多商家,399.00,176笔,538823661097,
"
杰诺宏奥专卖店
",等更多商家,1089.00,350笔,553186157781,
"
地贝益节专卖店
",等更多商家,549.00,65笔,543628488694,
"
苏泊尔天汇专卖店
",等更多商家,699.00,171笔,555377366366,
"
地贝益节专卖店
",等更多商家,549.00,65笔,543628488694,
"
苏泊尔天汇专卖店
",等更多商家,699.00,171笔,555377366366,
"
lexy莱克官方旗舰店
",none,2299.00,132笔,527398209863,
"
philips泰璞专卖店
",等更多商家,1499.00,363笔,525380536368,
"
信社浦申专卖店
",等更多商家,499.00,352笔,527665882465,
"
ope旗舰店
",等更多商家,378.00,220笔,15901028200,
"
小狗电器旗舰店
",等更多商家,1899.00,654笔,546445773212,
"
小狗电器旗舰店
",等更多商家,1899.00,654笔,546445773212,
"
小狗电器旗舰店
",等更多商家,599.00,657笔,44783878424,
"
信社浦申专卖店
",等更多商家,499.00,353笔,527665882465,
"
京华电器旗舰店
",等更多商家,568.00,181笔,21182991539,
"
philips泰璞专卖店
",等更多商家,1499.00,368笔,525380536368,
"
京华电器旗舰店
",等更多商家,568.00,186笔,21182991539,
"
lexy莱克希友购专卖店
",等更多商家,999.00,132笔,523019132275,
"
lexy莱克官方旗舰店
",等更多商家,849.00,21笔,43970877454,
"
天猫超市
",等更多商家,399.00,176笔,538823661097,
"
莱克家用电器专营店
",等更多商家,1499.00,193笔,544577406954,
"
豆芽菜电器专营店
",等更多商家,179.00,1452笔,548103540074,
"
德尔玛旗舰店
",等更多商家,199.00,60笔,556351845668,
"
飞利浦上游专卖店
",等更多商家,1299.00,175笔,539466259927,
"
德尔玛旗舰店
",等更多商家,199.00,60笔,556351845668,
"
飞利浦上游专卖店
",等更多商家,1299.00,175笔,539466259927,
"
家宝风旗舰店
",none,109.00,316笔,524341892623,
"
京华电器旗舰店
",等更多商家,568.00,186笔,21182991539,
"
欧圣电器旗舰店
",等更多商家,169.00,242笔,524628791038,
"
小狗电器旗舰店
",等更多商家,599.00,657笔,44783878424,
"
dyson戴森官方旗舰店
",等更多商家,3690.00,673笔,548452717637,
"
dyson戴森官方旗舰店
",等更多商家,3690.00,673笔,548452717637,
"
dyson戴森官方旗舰店
",等更多商家,2590.00,1015笔,548476118421,
"
欧圣电器旗舰店
",等更多商家,169.00,248笔,524628791038,
"
lexy莱克希友购专卖店
",等更多商家,999.00,140笔,523019132275,
"
伊莱克斯家美佳专卖店
",等更多商家,699.00,138笔,42526183914,
"
欧圣电器旗舰店
",等更多商家,169.00,242笔,524628791038,
"
韩夫人诺希专卖店
",等更多商家,299.00,192笔,522654953805,
"
杰诺宏奥专卖店
",等更多商家,1089.00,350笔,553186157781,
"
莱克家用电器专营店
",等更多商家,1499.00,193笔,544577406954,
"
天猫超市
",等更多商家,299.00,97笔,538616781812,
"
lexy艾思玛特专卖店
",none,1699.00,156笔,551504263855,
"
信社浦泽专卖店
",等更多商家,249.00,388笔,552861040502,
"
lexy莱克乐飞凌专卖店
",等更多商家,2599.00,113笔,552256432175,
"
信社浦泽专卖店
",等更多商家,249.00,388笔,552861040502,
"
lexy莱克乐飞凌专卖店
",等更多商家,2599.00,113笔,552256432175,
"
京创电器专营店
",none,399.00,83笔,44799850018,
"
lexy莱克希友购专卖店
",等更多商家,999.00,132笔,523019132275,
"
韩夫人诺希专卖店
",等更多商家,299.00,192笔,522654953805,
"
dyson戴森官方旗舰店
",等更多商家,2590.00,1015笔,548476118421,
"
亿力浙江专卖店
",等更多商家,209.00,542笔,39359141697,
"
飞利浦润氏专卖店
",等更多商家,1899.00,76笔,43817794326,
"
韩夫人诺希专卖店
",等更多商家,299.00,292笔,522654953805,
"
lexy莱克希友购专卖店
",等更多商家,999.00,130笔,523019132275,
"
鑫爱家爱洁雅专卖店
",等更多商家,499.00,484笔,540014033737,
"
豆芽菜电器专营店
",等更多商家,179.00,1452笔,548103540074,
"
飞利浦官方旗舰店
",none,299.00,211笔,520538844551,
"
杰诺宏奥专卖店
",none,599.00,149笔,527084985367,
"
飞利浦官方旗舰店
",等更多商家,2699.00,332笔,549121194235,
"
飞利浦官方旗舰店
",等更多商家,2699.00,332笔,549121194235,
"
鑫爱家爱洁雅专卖店
",等更多商家,499.00,484笔,540014033737,
"
松下康威专卖店
",等更多商家,1799.00,99笔,546809611196,
"
亿力浙江专卖店
",等更多商家,209.00,542笔,39359141697,
"
飞利浦润氏专卖店
",等更多商家,1899.00,76笔,43817794326,
"
杰诺旗舰店
",等更多商家,2569.00,14笔,12854379206,
"
philips泰璞专卖店
",等更多商家,1499.00,368笔,525380536368,
"
鑫爱家爱洁雅专卖店
",等更多商家,499.00,489笔,540014033737,
"
松下康威专卖店
",等更多商家,1799.00,198笔,546809611196,
"
杰诺旗舰店
",等更多商家,1969.00,4笔,553388147504,
"
韩夫人诺希专卖店
",等更多商家,299.00,192笔,522654953805,
"
松下康威专卖店
",等更多商家,1799.00,99笔,546809611196,
"
天猫超市
",等更多商家,299.00,97笔,538616781812,
"
lexy艾思玛特专卖店
",none,1699.00,156笔,551504263855,
"
扬子华派专卖店
",none,159.00,287笔,539746476338,
"
松下上琨专卖店
",none,2199.00,102笔,538882079116,
"
莱克米标专卖店
",等更多商家,899.00,48笔,19736001030,
"
Miele美诺电器官方旗舰店
",等更多商家,2499.00,81笔,521783411145,
"
莱克米标专卖店
",等更多商家,899.00,48笔,19736001030,
"
Miele美诺电器官方旗舰店
",等更多商家,2499.00,81笔,521783411145,
"
lexy莱克官方旗舰店
",等更多商家,849.00,21笔,43970877454,
"
杰诺旗舰店
",等更多商家,2569.00,14笔,12854379206,
"
philips泰璞专卖店
",等更多商家,1499.00,368笔,525380536368,
"
京华电器旗舰店
",等更多商家,568.00,186笔,21182991539,
"
伊莱克斯家美佳专卖店
",等更多商家,699.00,138笔,42526183914,
"
lexy莱克官方旗舰店
",等更多商家,849.00,277笔,43970877454,
"
天猫超市
",等更多商家,399.00,181笔,538823661097,
"
松下康威专卖店
",等更多商家,1799.00,161笔,546809611196,
"
lexy莱克官方旗舰店
",等更多商家,849.00,21笔,43970877454,
"
lexy莱克官方旗舰店
",等更多商家,849.00,21笔,43970877454,
"
飞利浦官方旗舰店
",none,299.00,211笔,520538844551,
"
杰诺宏奥专卖店
",none,599.00,149笔,527084985367,
"
lexy莱克官方旗舰店
",none,2299.00,168笔,527398209863,
"
家宝风旗舰店
",none,109.00,324笔,524341892623,
"
海尔生活电器专卖店
",等更多商家,369.00,313笔,521708746881,
"
美的吸尘器旗舰店
",等更多商家,699.00,19笔,533033741438,
"
海尔生活电器专卖店
",等更多商家,369.00,313笔,521708746881,
"
美的吸尘器旗舰店
",等更多商家,699.00,19笔,533033741438,
"
天猫超市
",等更多商家,399.00,163笔,538823661097,
"
京华电器旗舰店
",等更多商家,568.00,186笔,21182991539,
"
欧圣电器旗舰店
",等更多商家,169.00,242笔,524628791038,
"
杰诺宏奥专卖店
",等更多商家,1089.00,835笔,553186157781,
"
莱克家用电器专营店
",等更多商家,1499.00,247笔,544577406954,
"
天猫超市
",等更多商家,399.00,176笔,538823661097,
"
杰诺宏奥专卖店
",等更多商家,1089.00,350笔,553186157781,
"
天猫超市
",等更多商家,399.00,163笔,538823661097,
"
扬子华派专卖店
",none,159.00,287笔,539746476338,
"
松下上琨专卖店
",none,2199.00,102笔,538882079116,
"
美的官方旗舰店
",none,189.00,2422笔,536647772768,
"
苏泊尔天汇专卖店
",none,699.00,182笔,555377366366,
"
tek科昂专卖店
",等更多商家,2299.00,62笔,549402696208,
"
松下电器旗舰店
",等更多商家,1199.00,36笔,14606961939,
"
tek科昂专卖店
",等更多商家,2299.00,62笔,549402696208,
"
松下电器旗舰店
",等更多商家,1199.00,36笔,14606961939,
"
杰诺宏奥专卖店
",等更多商家,1089.00,134笔,553186157781,
"
伊莱克斯家美佳专卖店
",等更多商家,699.00,138笔,42526183914,
"
lexy莱克希友购专卖店
",等更多商家,999.00,130笔,523019132275,
"
杰诺旗舰店
",等更多商家,1969.00,4笔,553388147504,
"
豆芽菜电器专营店
",none,179.00,1453笔,548103540074,
"
莱克家用电器专营店
",等更多商家,1499.00,193笔,544577406954,
"
豆芽菜电器专营店
",等更多商家,179.00,1452笔,548103540074,
"
杰诺宏奥专卖店
",等更多商家,1089.00,134笔,553186157781,
"
lexy莱克官方旗舰店
",none,2299.00,168笔,527398209863,
